#{"t_start": 1789722977.9315124, "env_id": "None"}
r,l,t
0.89,3,52.176078
0.513098,4,58.159773
0.974108,3,60.823852
0.0,6,61.828836
0.943712,3,64.538365
0.840511,4,69.688102
0.0,2,130.055307
0.811868,3,134.848702
0.707826,3,144.056916
0.927776,3,144.140083
0.790777,4,144.249155
0.880942,3,148.745941
0.407376,4,160.820428
0.885702,4,163.679569
0.947718,4,166.214801
0.787139,3,171.59292
0.343402,3,196.230405
0.943544,3,199.015431
0.93584,3,202.087301
0.516284,5,207.804782
0.960524,3,210.419013
0.55308,3,218.639168
0.489336,9,235.928419
0.909837,3,239.476506
0.884961,4,239.595348
0.595714,3,251.226711
0.340295,7,264.584893
0.905412,4,267.151678
0.8645,3,272.337957
0.893063,4,276.712964
0.880942,3,281.247361
0.515044,4,297.715645
0.673907,3,304.019363
0.998849,3,308.20063
0.478801,5,334.422035
0.33899,38,351.07295
0.955542,3,353.609991
0.976811,3,355.91678
0.913264,3,355.994452
0.849489,5,362.391227
0.982969,3,362.462244
0.74036,4,365.995487
0.89,3,368.79129
0.743493,3,374.409096
0.864588,3,378.538169
0.0,1,439.296228
0.910417,4,447.102288
0.786977,4,447.238061
0.88931,4,447.349584
0.690572,3,457.200728
0.960524,3,460.035167
0.955542,3,462.703394
0.0,2,523.271215
0.959119,3,526.016414
0.875865,4,529.587105
0.880935,3,534.314507
0.908499,3,538.343987
0.0,5,546.626321
0.874612,4,549.498842
0.218648,4,573.250763
0.387818,4,579.368817
0.923672,3,585.523536
0.786741,4,591.026263
0.953778,3,593.761132
0.933129,4,597.040287
0.998849,3,599.107722
0.909837,3,602.48898
0.960524,3,605.136214
0.554174,3,617.369579
0.920699,5,621.05461
0.925788,4,627.942073
0.984762,3,630.252116
0.859151,4,635.168714
0.880942,3,639.788637
0.825126,4,639.910901
0.953778,3,642.785125
0.55308,3,651.223505
0.8645,3,656.315062
0.991694,3,660.720717
0.789179,3,669.789116
0.887137,3,669.882436
0.90072,4,678.699729
0.516641,8,684.451377
0.935325,3,687.361146
0.878194,4,690.760564
0.908585,3,690.838049
0.84594,4,700.230182
0.811868,3,705.022985
0.840928,3,709.50129
0.712517,4,709.623052
0.0,4,761.893791
0.878682,4,766.451066
0.998849,3,768.476966
0.579106,3,780.006549
0.92606,3,780.087992
0.864588,3,784.299185
0.978819,3,786.616148
0.0,4,837.296305
0.876907,4,840.020152
0.931197,4,843.453636
0.707826,3,852.602315
0.896865,4,852.734797
0.956731,3,855.626569
0.892374,3,861.345168
0.937651,3,864.716547
0.983985,3,869.235489
0.960524,3,871.935102
0.777597,4,881.066629
0.960259,3,881.145519
0.787139,3,886.505544
0.7413,3,892.706375
0.987613,3,895.089424
0.858827,3,898.945263
0.756475,4,899.063828
0.987613,3,901.39781
0.960259,3,901.470972
0.998849,3,903.489485
0.858827,3,907.422157
0.869706,4,907.539477
0.835811,4,910.486004
0.555034,4,915.537298
0.985872,3,917.862162
0.620275,4,947.110281
0.354584,4,947.26698
0.879125,4,954.431073
0.939197,3,957.651053
0.878877,4,961.217483
0.351827,4,971.633982
0.832953,4,976.149309
0.806081,4,979.261133
0.734015,4,986.124377
0.930408,3,989.262092
0.858827,3,993.15278
0.707826,3,1002.255135
0.885908,4,1005.247658
0.929217,3,1005.32704
0.939197,3,1008.506341
0.860023,3,1015.549108
0.880935,3,1020.35986
0.767317,4,1029.219645
0.0,5,1121.35059
0.814171,4,1121.445173
0.876037,3,1124.940856
0.0,1,1185.289023
0.923281,3,1188.068297
0.724756,4,1198.334278
0.937651,3,1201.520806
0.998395,3,1205.321838
0.942637,3,1208.255117
0.707826,3,1217.169004
0.880935,3,1221.731549
0.809935,3,1228.013915
0.979949,3,1232.336946
0.601031,6,1232.534235
0.942637,3,1235.493795
0.887276,4,1239.953929
0.90155,4,1243.068313
0.846703,4,1245.819093
0.603177,4,1245.973936
0.955542,3,1248.248368
0.940667,3,1251.006293
0.915263,4,1254.475341
0.994618,3,1256.434852
0.880935,3,1260.890116
0.838379,3,1267.489148
0.789179,3,1276.032358
0.585041,4,1289.774098
0.934365,3,1293.133673
0.960259,3,1293.202988
0.0,7,1446.542694
0.977351,3,1450.900916
0.740804,6,1454.687654
0.794642,4,1457.676531
0.791595,4,1463.241874
0.960524,3,1465.7266
0.998849,3,1467.639221
0.925646,3,1467.716395
0.990233,3,1469.806713
0.92261,3,1475.143671
0.831226,3,1479.146089
0.56976,3,1497.584696
0.977776,3,1500.042539
0.182575,4,1508.164936
0.943712,3,1510.904284
0.955042,3,1513.3674
0.989,3,1517.171361
0.89361,3,1519.891393
0.937651,3,1523.142021
0.177444,5,1544.801828
0.953778,3,1547.281577
0.831522,3,1551.077851
0.898339,4,1555.244023
0.955042,3,1557.811136
0.9111,4,1564.737776
0.960524,3,1567.200016
1e-06,4,1614.471693
0.949436,3,1617.133642
0.934518,3,1622.610938
0.937651,3,1625.935894
0.847644,3,1632.721856
0.916619,4,1638.645664
0.989155,3,1640.688325
0.356196,5,1658.646409
0.89361,3,1661.404183
0.89361,3,1663.907345
0.780192,5,1672.456135
0.901569,3,1675.234114
0.852082,3,1678.907792
0.507071,4,1690.28256
0.845556,4,1697.561781
0.998849,3,1701.508398
0.691938,5,1715.513052
0.96418,3,1715.581238
0.8645,3,1720.465773
0.947597,4,1720.566592
0.0,4,1781.556927
0.964161,3,1784.262482
0.983068,3,1786.571912
0.947996,3,1789.1721
0.553463,3,1800.501069
0.838379,3,1804.320138
0.877459,4,1804.415631
0.885789,3,1808.478064
0.926496,4,1815.41889
0.836494,4,1815.717967
0.897055,4,1819.967321
0.35454,6,1834.002473
0.459625,5,1834.164913
0.809099,3,1840.519013
0.880935,3,1844.929209
0.0,2,1905.470885
0.876045,4,1909.962226
0.978819,3,1912.231313
0.967958,3,1914.410408
0.800385,4,1922.573869
0.942637,3,1925.496587
0.998249,3,1929.399908
0.959119,3,1932.031213
0.949492,3,1936.98076
0.709381,4,1937.103797
0.516641,4,1942.444217
0.215294,5,1942.654522
0.944689,3,1942.73548
0.964298,3,1945.353683
0.693524,3,1954.327586
0.673907,4,1960.204309
0.916375,3,1960.28301
0.0,1,2020.621288
0.912567,4,2020.732623
0.864588,3,2024.725069
0.929449,3,2024.793839
0.445681,5,2025.306855
0.55308,3,2033.546483
0.904127,4,2036.129193
0.998395,3,2040.022686
0.919866,4,2047.110076
0.93584,3,2052.743702
0.983985,3,2057.040046
0.835822,4,2064.80556
0.731092,7,2078.352698
0.977776,3,2080.735584
0.86705,3,2084.288604
0.989498,3,2086.379018
0.262275,4,2093.602063
0.55308,3,2101.54262
0.884057,6,2101.715078
0.751081,3,2107.940105
0.937651,3,2111.048785
0.905497,3,2114.278244
0.659911,4,2134.886337
0.0,4,2182.78401
0.693524,3,2191.627577
0.838837,4,2194.465732
0.967377,3,2196.653591
0.960524,3,2199.191567
0.733279,5,2199.324929
0.916265,3,2199.408765
0.955042,3,2201.918168
0.86705,3,2205.528647
0.828068,4,2213.443109
0.846703,4,2216.147639
0.0,2,2276.506413
0.786048,4,2279.597812
0.935672,3,2282.517149
0.890336,4,2282.630677
0.781638,3,2289.104332
0.809935,3,2295.580086
0.620275,4,2322.406816
0.0,2,2382.767395
0.998849,3,2384.746315
0.0,4,2386.160305
0.998849,3,2388.065451
0.787139,3,2393.361973
0.998849,3,2397.441661
0.9381,3,2400.129397
0.522634,6,2414.742319
0.897055,5,2419.084639
0.92261,3,2424.455199
0.747074,3,2430.747533
0.949436,3,2433.391415
0.0,4,2434.04841
0.924352,5,2440.653007
0.796656,3,2448.44269
0.949492,3,2452.960291
0.960711,4,2455.236876
0.774733,5,2464.202469
0.998395,3,2467.999324
0.0,3,2529.649755
0.889421,3,2535.43317
0.641302,4,2535.55267
0.990233,3,2537.703053
0.0,14,2552.226454
0.930408,3,2555.214741
0.80443,4,2561.256943
0.692414,5,2575.051192
0.928979,4,2578.33835
0.955542,3,2580.740275
0.864588,3,2584.592977
0.913425,3,2587.61862
0.809099,3,2593.966331
0.909837,3,2597.267387
0.248592,4,2604.722162
0.908499,3,2608.432953
0.847644,3,2614.985336
0.0,2,2675.298007
0.673907,3,2681.258795
0.967377,3,2683.561214
0.880942,3,2687.916476
0.0,1,2748.559861
0.937651,3,2751.822162
0.977351,3,2756.421236
0.851728,4,2761.162843
0.672149,4,2768.637316
0.996036,3,2772.618109
0.723289,4,2778.695246
0.840928,3,2782.807102
0.831522,3,2786.609469
0.343402,3,2808.52933
0.959119,3,2811.204561
0.909837,3,2814.516871
0.858827,3,2818.167381
0.942637,3,2821.156834
0.876045,4,2825.524951
0.471598,4,2825.683236
0.998849,3,2827.51194
0.771325,5,2835.61215
0.880942,3,2839.897235
0.943202,4,2845.624252
0.28512,4,2868.101271
0.956883,3,2868.180947
0.0,2,2929.160174
0.812,4,2932.353055
0.864588,3,2936.260345
0.964298,3,2938.805134
0.962515,4,2941.146101
0.334089,5,2945.796354
0.627364,4,2964.80301
0.693524,3,2973.337934
0.923672,3,2978.873959
0.69242,4,2991.776903
0.968238,3,2994.197052
0.507974,3,2994.362699
0.990233,3,2996.388475
0.880217,3,3003.466296
0.909837,3,3006.952628
0.879474,3,3010.253235
0.978021,3,3012.544062
0.914455,3,3017.666118
0.880935,3,3022.140242
0.955542,3,3024.518466
0.0,5,3036.586915
0.944689,3,3036.663686
0.905245,4,3045.102978
0.521869,3,3060.175216
0.825955,3,3063.955047
0.0,2,3124.328997
0.824882,3,3130.202838
0.898339,4,3134.688226
0.0,4,3182.56455
0.45148,5,3182.919748
0.990233,3,3184.997393
0.824882,3,3190.531838
0.87322,3,3196.812997
0.968238,3,3199.068994
0.776501,4,3202.097999
0.45148,5,3202.435791
0.953883,3,3204.962321
0.828068,4,3212.826614
0.967377,3,3214.981438
0.989498,3,3216.942759
0.880942,3,3221.393375
0.840928,3,3225.507849
0.960524,3,3227.966264
0.949492,3,3232.746742
0.947996,3,3235.328811
0.967335,3,3238.004244
0.978819,3,3242.517005
0.824882,3,3248.096672
0.843377,3,3248.19477
0.708076,3,3257.318909
0.917864,4,3260.398491
0.942637,3,3263.292932
0.356196,5,3281.432556
0.777597,4,3289.792454
0.880935,3,3294.185142
0.977776,3,3296.584183
0.923672,3,3301.942899
0.909837,3,3305.276554
0.810899,4,3308.120749
0.998249,3,3311.961802
0.727377,4,3321.075787
0.445681,5,3321.582568
0.930408,3,3324.573354
0.691876,4,3337.628635
0.934518,3,3343.099802
0.998249,3,3347.133016
0.831226,3,3351.281835
0.876037,3,3354.77306
0.940319,3,3357.593036
0.944034,4,3363.810222
0.575,4,3388.925853
0.957191,3,3391.411035
0.930442,3,3391.482297
0.845366,3,3395.189813
0.964161,3,3397.970698
0.0,2,3458.338079
0.343402,3,3481.615481
0.879474,3,3484.989323
0.880935,3,3489.552122
0.956731,3,3492.265618
0.998849,3,3496.219671
0.690572,3,3505.185273
0.8645,3,3510.022224
0.881833,4,3516.116996
0.828068,6,3523.848029
0.952918,3,3526.622114
0.833427,5,3532.60433
0.889421,3,3538.220708
0.8645,3,3543.072169
0.83796,4,3543.177065
0.989498,3,3545.236527
0.882371,3,3549.627998
0.945268,4,3556.520056
0.750651,4,3565.32369
0.933955,4,3568.509936
0.923672,3,3574.017852
0.356196,6,3600.016145
0.0,6,3753.643933
0.909837,3,3757.030871
0.809935,3,3763.328876
0.930441,3,3766.650043
0.452359,5,3767.00813
0.914455,3,3771.996025
0.831457,4,3776.596718
0.693524,3,3785.554492
0.960524,3,3787.954268
0.838379,3,3794.664141
0.968238,3,3796.943835
0.988434,3,3799.137795
0.673907,3,3805.07891
0.977351,3,3807.30479
0.857143,4,3809.917783
0.960524,3,3812.501439
0.974108,3,3815.213793
0.879474,3,3818.733081
0.829884,4,3826.488909
0.937651,3,3829.841034
0.980808,3,3834.588609
0.839618,4,3842.29586
0.835822,4,3850.107983
0.809099,3,3856.434689
0.343402,3,3878.697936
0.880935,3,3883.194328
0.926421,3,3889.359116
0.0,2,3950.649275
0.464123,6,3966.744031
0.885789,3,3970.805258
0.974108,3,3973.34884
0.0,5,3985.437985
0.71366,3,3994.543301
0.940667,3,3997.587803
0.869706,4,3997.706302
0.902931,4,4005.982299
0.831226,3,4010.080739
0.998849,3,4011.99957
0.336315,3,4039.060368
0.693524,3,4048.193922
0.92261,3,4053.730667
0.693524,3,4062.487294
0.858827,3,4066.083637
0.791043,4,4074.607113
0.909175,3,4077.859386
0.935672,3,4080.710974
0.516284,4,4085.87351
0.859427,4,4088.424962
0.521869,3,4103.532575
0.960524,3,4105.957897
0.968238,3,4108.179652
0.977746,3,4111.974287
0.810087,4,4114.946827
0.864588,3,4119.029172
0.876907,4,4121.700081
0.993283,3,4121.778278
0.874132,4,4128.656653
0.948396,4,4128.765471
0.909837,3,4134.458289
0.985872,3,4136.632164
0.84594,3,4145.920813
0.0,1,4206.530105
0.74036,4,4209.968634
0.864588,3,4213.92114
0.871284,3,4217.374156
0.978819,3,4219.633913
0.90072,4,4227.493495
0.984762,3,4229.740754
0.693524,3,4238.761272
0.960524,3,4241.359205
0.846703,4,4244.161316
0.909837,3,4247.693147
0.673907,3,4253.699789
0.0,51,4258.331501
0.608904,3,4265.202333
0.905676,4,4267.657705
0.907521,3,4272.89167
0.960524,3,4275.397197
0.759555,3,4282.122432
0.735869,4,4297.872331
0.789179,3,4306.584253
0.964298,3,4309.178648
0.919906,3,4311.953071
0.87322,3,4318.253766
0.879047,4,4322.767729
0.656006,4,4343.613479
0.905497,3,4346.964942
0.884146,5,4354.761435
0.966034,3,4357.229266
0.8645,3,4362.279203
0.926722,4,4368.412127
0.987857,3,4372.81366
0.934365,3,4376.176248
0.892616,4,4382.786682
0.869617,4,4390.017635
0.983361,3,4393.832447
0.914455,3,4398.726886
0.538379,3,4409.674528
0.0,5,4410.210854
0.957191,3,4412.702416
0.761892,6,4416.371177
0.889256,4,4416.49142
0.990795,3,4418.809937
0.878852,4,4425.6496
0.831076,3,4429.532688
0.513783,9,4444.498774
0.831226,3,4448.43186
0.879474,3,4451.727112
0.45148,7,4453.177866
0.982102,3,4453.246926
0.754836,8,4457.189168
0.0,6,4520.968839
0.996036,3,4523.040056
0.695149,4,4526.837212
0.943712,3,4529.547128
