accuracy_denominator,circuits,configuration_exact_matches,device_exact_matches,failures,first_attempt_json_valid,first_attempt_schema_valid,first_attempt_valid,group_field,group_value,median_call_seconds,median_regret_absolute,oracle_available,output_tokens_observed_lower_bound,pair_exact_matches,peak_gpu_bytes,peak_ram_bytes,regret_available,repairs,token_complete_circuits,total_call_seconds,total_llm_calls,total_output_tokens,transport_retries,trial_id,valid_and_compilable,valid_decisions
0,14,0,0,{},14,14,14,family,pricing,3.1228286569999852,,0,1078,0,5920829440,3989868544,0,0,14,143.59166013100014,14,1078,0,gemma/p0_t0,14,14
18,74,6,4,{},74,74,74,family,qft,3.0897118220000266,0.006643481750000013,18,5544,0,5923196928,4026589184,18,0,74,747.8632806460009,74,5544,0,gemma/p0_t0,74,74
0,4,0,0,{},4,4,4,num_qubits,10,2.8508032895000497,,0,297,0,5923196928,4007079936,0,0,4,34.197490664999805,4,297,0,gemma/p0_t0,4,4
0,6,0,0,{},6,6,6,num_qubits,11,13.54335439099998,,0,439,0,5923196928,4016349184,0,0,6,82.69496271300068,6,439,0,gemma/p0_t0,6,6
0,4,0,0,{},4,4,4,num_qubits,12,2.8716271400001006,,0,288,0,5923196928,4015288320,0,0,4,35.21094078200031,4,288,0,gemma/p0_t0,4,4
0,4,0,0,{},4,4,4,num_qubits,13,3.2935656625000433,,0,319,0,5923196928,4006813696,0,0,4,36.33420406000016,4,319,0,gemma/p0_t0,4,4
0,4,0,0,{},4,4,4,num_qubits,14,14.141537324999945,,0,296,0,5923196928,4007018496,0,0,4,57.83651444099996,4,296,0,gemma/p0_t0,4,4
0,2,0,0,{},2,2,2,num_qubits,15,14.852923645999965,,0,148,0,5923196928,3995615232,0,0,2,29.70584729199993,2,148,0,gemma/p0_t0,2,2
0,2,0,0,{},2,2,2,num_qubits,16,2.8752339379998944,,0,148,0,5923196928,4007124992,0,0,2,5.750467875999789,2,148,0,gemma/p0_t0,2,2
0,1,0,0,{},1,1,1,num_qubits,17,25.45276632699995,,0,74,0,5922934784,3979190272,0,0,1,25.45276632699995,1,74,0,gemma/p0_t0,1,1
4,4,0,4,{},4,4,4,num_qubits,2,2.9249270164999643,0.000600740550000034,4,300,0,5923196928,4006830080,4,0,4,11.599726333000149,4,300,0,gemma/p0_t0,4,4
4,4,0,0,{},4,4,4,num_qubits,3,12.358689260000062,0.003630479150000032,4,292,0,5923196928,4006260736,4,0,4,49.35645413399982,4,292,0,gemma/p0_t0,4,4
0,4,0,0,{},4,4,4,num_qubits,30,13.66424182600008,,0,318,0,5923196928,4007034880,0,0,4,54.60760814300011,4,318,0,gemma/p0_t0,4,4
4,4,1,0,{},4,4,4,num_qubits,4,2.716152958000066,0.0070976043500000086,4,288,0,5923196928,4006670336,4,0,4,11.206999085000007,4,288,0,gemma/p0_t0,4,4
0,4,0,0,{},4,4,4,num_qubits,40,13.230570145499996,,0,310,0,5923196928,4019539968,0,0,4,54.29055247200017,4,310,0,gemma/p0_t0,4,4
4,8,3,0,{},8,8,8,num_qubits,5,2.9766816034999977,0.02887577985000006,4,579,0,5923196928,4006547456,4,0,8,61.820298159000174,8,579,0,gemma/p0_t0,8,8
0,4,0,0,{},4,4,4,num_qubits,50,2.8727845780001644,,0,300,0,5923196928,4015255552,0,0,4,11.630810467000174,4,300,0,gemma/p0_t0,4,4
2,4,2,0,{},4,4,4,num_qubits,6,14.218798822000053,0.05457662539999997,2,289,0,5923196928,4006539264,2,0,4,56.637346237999964,4,289,0,gemma/p0_t0,4,4
0,3,0,0,{},3,3,3,num_qubits,60,20.89782415500008,,0,227,0,5923196928,4006809600,0,0,3,45.87573007099991,3,227,0,gemma/p0_t0,3,3
0,8,0,0,{},8,8,8,num_qubits,7,3.2773852789999864,,0,639,0,5923196928,4014747648,0,0,8,64.34251401700004,8,639,0,gemma/p0_t0,8,8
0,2,0,0,{},2,2,2,num_qubits,70,11.86054672900002,,0,148,0,5923196928,4005879808,0,0,2,23.72109345800004,2,148,0,gemma/p0_t0,2,2
0,4,0,0,{},4,4,4,num_qubits,8,3.2400310434999255,,0,320,0,5923196928,4026589184,0,0,4,32.04745339100009,4,320,0,gemma/p0_t0,4,4
0,8,0,0,{},8,8,8,num_qubits,9,12.658722880500022,,0,603,0,5923196928,4014981120,0,0,8,107.13516065299984,8,603,0,gemma/p0_t0,8,8
0,14,0,0,"{""transport_failure"": 1}",13,13,13,family,pricing,3.0768785494999804,,0,974,0,5920829440,4000952320,0,0,13,120.84240757500089,14,,0,gemma/p0_t07,13,13
18,74,10,10,{},74,74,74,family,qft,3.372611696500144,0.0016153371500000624,18,6029,7,5923196928,4027023360,18,0,74,738.450691452,74,6029,0,gemma/p0_t07,74,74
0,4,0,0,{},4,4,4,num_qubits,10,3.663001879000035,,0,356,0,5923196928,4017577984,0,0,4,37.823549897000134,4,356,0,gemma/p0_t07,4,4
0,6,0,0,{},6,6,6,num_qubits,11,3.2002415020000967,,0,464,0,5923196928,4018106368,0,0,6,61.80941301000195,6,464,0,gemma/p0_t07,6,6
0,4,0,0,{},4,4,4,num_qubits,12,13.975260091499763,,0,313,0,5923196928,4027023360,0,0,4,55.70610114599958,4,313,0,gemma/p0_t07,4,4
0,4,0,0,{},4,4,4,num_qubits,13,3.4168604684999764,,0,353,0,5923196928,4017762304,0,0,4,36.22520234300032,4,353,0,gemma/p0_t07,4,4
0,4,0,0,{},4,4,4,num_qubits,14,3.2385669810000195,,0,337,0,5923196928,4026273792,0,0,4,38.49662001599961,4,337,0,gemma/p0_t07,4,4
0,2,0,0,{},2,2,2,num_qubits,15,14.537506102000009,,0,170,0,5923196928,4007108608,0,0,2,29.075012204000018,2,170,0,gemma/p0_t07,2,2
0,2,0,0,{},2,2,2,num_qubits,16,14.678128788999913,,0,173,0,5923196928,4001370112,0,0,2,29.356257577999827,2,173,0,gemma/p0_t07,2,2
0,1,0,0,{},1,1,1,num_qubits,17,3.0403882329999306,,0,80,0,5922934784,3990261760,0,0,1,3.0403882329999306,1,80,0,gemma/p0_t07,1,1
4,4,2,4,{},4,4,4,num_qubits,2,12.303613317500151,0.000600740550000034,4,304,2,5923196928,4017827840,4,0,4,49.140850641000156,4,304,0,gemma/p0_t07,4,4
4,4,3,4,{},4,4,4,num_qubits,3,3.1061101734999284,0.0,4,317,3,5923196928,4017520640,4,0,4,12.080933721000065,4,317,0,gemma/p0_t07,4,4
0,4,0,0,{},4,4,4,num_qubits,30,13.579366912500063,,0,329,0,5923196928,4006535168,0,0,4,56.10631361200035,4,329,0,gemma/p0_t07,4,4
4,4,1,0,{},4,4,4,num_qubits,4,12.155941383499908,0.0070976043500000086,4,279,0,5923196928,4017819648,4,0,4,48.51717621799958,4,279,0,gemma/p0_t07,4,4
0,4,0,0,{},4,4,4,num_qubits,40,3.391110192000042,,0,342,0,5923196928,4026880000,0,0,4,13.0022138490001,4,342,0,gemma/p0_t07,4,4
4,8,2,0,"{""transport_failure"": 1}",7,7,7,num_qubits,5,3.0989345330000333,0.022774592000000038,4,520,0,5923196928,4006584320,4,0,7,81.43682512699922,8,,0,gemma/p0_t07,7,7
0,4,0,0,{},4,4,4,num_qubits,50,12.931614114000013,,0,310,0,5923196928,4026626048,0,0,4,52.177256124999985,4,310,0,gemma/p0_t07,4,4
2,4,2,2,{},4,4,4,num_qubits,6,3.3622754664999093,0.0,2,356,2,5923196928,4018356224,2,0,4,13.541244387999768,4,356,0,gemma/p0_t07,4,4
0,3,0,0,{},3,3,3,num_qubits,60,3.3610731210001177,,0,239,0,5923196928,4006350848,0,0,3,28.359336961000054,3,239,0,gemma/p0_t07,3,3
0,8,0,0,{},8,8,8,num_qubits,7,3.2557098480000093,,0,681,0,5923196928,4018057216,0,0,8,89.34408276699992,8,681,0,gemma/p0_t07,8,8
0,2,0,0,{},2,2,2,num_qubits,70,2.7141509829999677,,0,143,0,5923196928,4017004544,0,0,2,5.428301965999935,2,143,0,gemma/p0_t07,2,2
0,4,0,0,{},4,4,4,num_qubits,8,2.913426172500067,,0,297,0,5923196928,4017815552,0,0,4,34.01097851600048,4,297,0,gemma/p0_t07,4,4
0,8,0,0,{},8,8,8,num_qubits,9,3.571013074999996,,0,640,0,5923196928,4026474496,0,0,8,84.61504070899991,8,640,0,gemma/p0_t07,8,8
0,14,0,0,{},14,14,14,family,pricing,3.4459010849999174,,0,1134,0,5920829440,4006301696,0,0,14,147.733532247,14,1134,0,gemma/p1_t0,14,14
18,74,5,4,{},74,74,74,family,qft,3.272767295000108,0.006643481750000013,18,5698,0,5923196928,4044234752,18,0,74,754.4569223150013,74,5698,0,gemma/p1_t0,74,74
0,4,0,0,{},4,4,4,num_qubits,10,13.488625529000103,,0,293,0,5923196928,4027109376,0,0,4,54.05773107600032,4,293,0,gemma/p1_t0,4,4
0,6,0,0,{},6,6,6,num_qubits,11,3.0780324300000643,,0,451,0,5923196928,4027416576,0,0,6,41.10004227699994,6,451,0,gemma/p1_t0,6,6
0,4,0,0,{},4,4,4,num_qubits,12,2.949139829999808,,0,286,0,5923196928,4018171904,0,0,4,36.902573709999274,4,286,0,gemma/p1_t0,4,4
0,4,0,0,{},4,4,4,num_qubits,13,14.222517524500006,,0,307,0,5923196928,4044234752,0,0,4,58.60263400400015,4,307,0,gemma/p1_t0,4,4
0,4,0,0,{},4,4,4,num_qubits,14,2.96904645449996,,0,281,0,5923196928,4017688576,0,0,4,35.601848771999926,4,281,0,gemma/p1_t0,4,4
0,2,0,0,{},2,2,2,num_qubits,15,2.9483223529999805,,0,143,0,5923196928,4018225152,0,0,2,5.896644705999961,2,143,0,gemma/p1_t0,2,2
0,2,0,0,{},2,2,2,num_qubits,16,14.129881588000046,,0,138,0,5923196928,4017950720,0,0,2,28.259763176000092,2,138,0,gemma/p1_t0,2,2
0,1,0,0,{},1,1,1,num_qubits,17,2.8554421600000524,,0,69,0,5922934784,4001390592,0,0,1,2.8554421600000524,1,69,0,gemma/p1_t0,1,1
4,4,0,4,{},4,4,4,num_qubits,2,12.628592659000105,0.000600740550000034,4,323,0,5923196928,4017299456,4,0,4,50.59429523999995,4,323,0,gemma/p1_t0,4,4
4,4,0,0,{},4,4,4,num_qubits,3,12.527492615500023,0.003630479150000032,4,323,0,5923196928,4017954816,4,0,4,50.562939921000066,4,323,0,gemma/p1_t0,4,4
0,4,0,0,{},4,4,4,num_qubits,30,3.4102841725001554,,0,328,0,5923196928,4018225152,0,0,4,13.32602511899995,4,328,0,gemma/p1_t0,4,4
4,4,1,0,{},4,4,4,num_qubits,4,12.806187342500152,0.0070976043500000086,4,332,0,5923196928,4017594368,4,0,4,51.32500181400019,4,332,0,gemma/p1_t0,4,4
0,4,0,0,{},4,4,4,num_qubits,40,13.268171256500182,,0,320,0,5923196928,4023836672,0,0,4,54.99090430800038,4,320,0,gemma/p1_t0,4,4
4,8,2,0,{},8,8,8,num_qubits,5,3.8286184344999583,0.022774592000000038,4,672,0,5923196928,4017737728,4,0,8,88.8735780650002,8,672,0,gemma/p1_t0,8,8
0,4,0,0,{},4,4,4,num_qubits,50,13.099639063500035,,0,293,0,5923196928,4017668096,0,0,4,52.32434225499992,4,293,0,gemma/p1_t0,4,4
2,4,2,0,{},4,4,4,num_qubits,6,12.583770148000099,0.05457662539999997,2,300,0,5923196928,4018094080,2,0,4,50.0638458990004,4,300,0,gemma/p1_t0,4,4
0,3,0,0,{},3,3,3,num_qubits,60,3.228068601000132,,0,247,0,5923196928,4026499072,0,0,3,9.938495952000267,3,247,0,gemma/p1_t0,3,3
0,8,0,0,{},8,8,8,num_qubits,7,3.8044241329999977,,0,650,0,5923196928,4020592640,0,0,8,90.47167215400003,8,650,0,gemma/p1_t0,8,8
0,2,0,0,{},2,2,2,num_qubits,70,12.098423112500086,,0,157,0,5923196928,4025765888,0,0,2,24.196846225000172,2,157,0,gemma/p1_t0,2,2
0,4,0,0,{},4,4,4,num_qubits,8,12.869743356999948,,0,325,0,5923196928,4026421248,0,0,4,55.41329649299996,4,325,0,gemma/p1_t0,4,4
0,8,0,0,{},8,8,8,num_qubits,9,3.118244268500007,,0,594,0,5923196928,4017938432,0,0,8,46.83253123600008,8,594,0,gemma/p1_t0,8,8
0,14,0,0,{},14,14,14,family,pricing,3.2076427090000834,,0,1228,0,8500129792,853032960,0,0,14,250.7620388510013,14,1228,0,phi/p0_t0,14,14
18,74,2,3,{},74,74,74,family,qft,3.3655712014997334,0.004030626000000037,18,7239,0,8502251520,870756352,18,0,74,1378.7108566929928,74,7239,0,phi/p0_t0,74,74
0,4,0,0,{},4,4,4,num_qubits,10,3.1010350594997362,,0,386,0,8502251520,870756352,0,0,4,65.29869958599829,4,386,0,phi/p0_t0,4,4
0,6,0,0,{},6,6,6,num_qubits,11,26.22856967449934,,0,616,0,8502251520,854044672,0,0,6,159.3988656229967,6,616,0,phi/p0_t0,6,6
0,4,0,0,{},4,4,4,num_qubits,12,3.319885437499579,,0,418,0,8502251520,853999616,0,0,4,61.54783900799703,4,418,0,phi/p0_t0,4,4
0,4,0,0,{},4,4,4,num_qubits,13,3.5928901605007013,,0,424,0,8502251520,854036480,0,0,4,66.8664015229997,4,424,0,phi/p0_t0,4,4
0,4,0,0,{},4,4,4,num_qubits,14,28.376437070499378,,0,422,0,8502251520,853958656,0,0,4,113.32703243299784,4,422,0,phi/p0_t0,4,4
0,2,0,0,{},2,2,2,num_qubits,15,28.61559227500038,,0,187,0,8501194752,853065728,0,0,2,57.23118455000076,2,187,0,phi/p0_t0,2,2
0,2,0,0,{},2,2,2,num_qubits,16,2.991606941500322,,0,188,0,8501194752,853110784,0,0,2,5.983213883000644,2,188,0,phi/p0_t0,2,2
0,1,0,0,{},1,1,1,num_qubits,17,55.343488456999694,,0,115,0,8501186560,853282816,0,0,1,55.343488456999694,1,115,0,phi/p0_t0,1,1
4,4,0,0,{},4,4,4,num_qubits,2,3.0492390954996154,0.003852149100000035,4,393,0,8502251520,854007808,4,0,4,12.487789217997488,4,393,0,phi/p0_t0,4,4
4,4,0,0,{},4,4,4,num_qubits,3,22.882391028999336,0.0021311678,4,359,0,8502251520,853983232,4,0,4,92.47246833499776,4,359,0,phi/p0_t0,4,4
0,4,0,0,{},4,4,4,num_qubits,30,25.895987366000554,,0,378,0,8502251520,853733376,0,0,4,104.0620265840007,4,378,0,phi/p0_t0,4,4
4,4,0,1,{},4,4,4,num_qubits,4,2.924062991000028,0.012720959450000013,4,360,0,8502251520,853770240,4,0,4,11.451174874000571,4,360,0,phi/p0_t0,4,4
0,4,0,0,{},4,4,4,num_qubits,40,24.541114153000308,,0,349,0,8502251520,855904256,0,0,4,97.95009774100072,4,349,0,phi/p0_t0,4,4
4,8,2,0,{},8,8,8,num_qubits,5,3.0297130650001236,0.02806405480000007,4,699,0,8502251520,853831680,4,0,8,107.70683979400019,8,699,0,phi/p0_t0,8,8
0,4,0,0,{},4,4,4,num_qubits,50,3.002228556499176,,0,377,0,8502251520,852910080,0,0,4,11.956569437998041,4,377,0,phi/p0_t0,4,4
2,4,0,2,{},4,4,4,num_qubits,6,29.010432733500238,0.0,2,363,0,8502251520,853024768,2,0,4,116.19838886800062,4,363,0,phi/p0_t0,4,4
0,3,0,0,{},3,3,3,num_qubits,60,38.909858303000874,,0,301,0,8501194752,852869120,0,0,3,81.37071152300268,3,301,0,phi/p0_t0,3,3
0,8,0,0,{},8,8,8,num_qubits,7,3.348654094000267,,0,766,0,8502251520,853110784,0,0,8,108.86873485800243,8,766,0,phi/p0_t0,8,8
0,2,0,0,{},2,2,2,num_qubits,70,20.966065140500177,,0,190,0,8501194752,852971520,0,0,2,41.932130281000354,2,190,0,phi/p0_t0,2,2
0,4,0,0,{},4,4,4,num_qubits,8,3.3757118160001482,,0,418,0,8502251520,853172224,0,0,4,57.36402800399992,4,418,0,phi/p0_t0,4,4
0,8,0,0,{},8,8,8,num_qubits,9,23.402122327500365,,0,758,0,8502251520,855404544,0,0,8,200.655210963002,8,758,0,phi/p0_t0,8,8
0,14,0,0,{},14,14,14,family,pricing,3.3356625060000624,,0,1309,0,8500129792,855027712,0,0,14,259.19038236899996,14,1309,0,phi/p0_t07,14,14
18,74,8,3,"{""transport_failure"": 1}",73,73,73,family,qft,3.196934650500225,0.0019618712500000246,18,6929,1,8502251520,856043520,18,0,73,1279.0234285129945,74,,0,phi/p0_t07,73,73
0,4,0,0,{},4,4,4,num_qubits,10,3.5214597330004835,,0,400,0,8502251520,855539712,0,0,4,60.78885926200019,4,400,0,phi/p0_t07,4,4
0,6,0,0,{},6,6,6,num_qubits,11,3.165756411499842,,0,565,0,8502251520,856043520,0,0,6,115.15392163599881,6,565,0,phi/p0_t07,6,6
0,4,0,0,{},4,4,4,num_qubits,12,27.575982123998983,,0,366,0,8502251520,855678976,0,0,4,110.2405736519986,4,366,0,phi/p0_t07,4,4
0,4,0,0,{},4,4,4,num_qubits,13,2.9253560704992196,,0,367,0,8502251520,855785472,0,0,4,59.87093557199751,4,367,0,phi/p0_t07,4,4
0,4,0,0,{},4,4,4,num_qubits,14,3.1291426745001445,,0,388,0,8502251520,855818240,0,0,4,63.259169504000965,4,388,0,phi/p0_t07,4,4
0,2,0,0,{},2,2,2,num_qubits,15,28.19636672300021,,0,200,0,8501194752,854683648,0,0,2,56.39273344600042,2,200,0,phi/p0_t07,2,2
0,2,0,0,{},2,2,2,num_qubits,16,26.893487345999347,,0,172,0,8501194752,855678976,0,0,2,53.786974691998694,2,172,0,phi/p0_t07,2,2
0,1,0,0,{},1,1,1,num_qubits,17,3.027409076001277,,0,96,0,8501186560,855461888,0,0,1,3.027409076001277,1,96,0,phi/p0_t07,1,1
4,4,2,0,{},4,4,4,num_qubits,2,23.83259893400009,0.0018361599000000783,4,368,0,8502251520,855760896,4,0,4,96.39253818500038,4,368,0,phi/p0_t07,4,4
4,4,4,0,{},4,4,4,num_qubits,3,2.9172210195001753,0.0018638924500000154,4,374,0,8502251520,855732224,4,0,4,11.79407707000064,4,374,0,phi/p0_t07,4,4
0,4,0,0,{},4,4,4,num_qubits,30,25.074460015000113,,0,370,0,8502251520,855543808,0,0,4,103.17010101499909,4,370,0,phi/p0_t07,4,4
4,4,1,1,{},4,4,4,num_qubits,4,23.951433713999904,0.023067941650000034,4,331,1,8502251520,855793664,4,0,4,95.63020963499912,4,331,0,phi/p0_t07,4,4
0,4,0,0,{},4,4,4,num_qubits,40,3.196934650500225,,0,404,0,8502251520,855654400,0,0,4,12.593613206001464,4,404,0,phi/p0_t07,4,4
4,8,1,0,{},8,8,8,num_qubits,5,23.398526436000793,0.016602399650000044,4,702,0,8502251520,855535616,4,0,8,192.82974173500315,8,702,0,phi/p0_t07,8,8
0,4,0,0,"{""transport_failure"": 1}",3,3,3,num_qubits,50,3.1035861734999344,,0,291,0,8502251520,854978560,0,0,3,55.41898189999847,4,,0,phi/p0_t07,3,3
2,4,0,2,{},4,4,4,num_qubits,6,3.2764633884999057,0.0,2,398,0,8502251520,854953984,2,0,4,12.499556067999947,4,398,0,phi/p0_t07,4,4
0,3,0,0,{},3,3,3,num_qubits,60,2.975472321999405,,0,286,0,8501194752,854499328,0,0,3,45.85923899399859,3,286,0,phi/p0_t07,3,3
0,8,0,0,{},8,8,8,num_qubits,7,4.030033282500426,,0,859,0,8502251520,855027712,0,0,8,163.292700160001,8,859,0,phi/p0_t07,8,8
0,2,0,0,{},2,2,2,num_qubits,70,2.898131499999181,,0,189,0,8501194752,854867968,0,0,2,5.796262999998362,2,189,0,phi/p0_t07,2,2
0,4,0,0,{},4,4,4,num_qubits,8,3.057327431500198,,0,359,0,8502251520,855388160,0,0,4,63.27588444799949,4,359,0,phi/p0_t07,4,4
0,8,0,0,{},8,8,8,num_qubits,9,3.1619572819990935,,0,753,0,8502251520,855080960,0,0,8,157.14032862599834,8,753,0,phi/p0_t07,8,8
0,14,0,0,{},14,14,14,family,pricing,3.294855433000066,,0,1333,0,8500129792,868298752,0,0,14,221.38866827600214,14,1333,0,phi/p1_t0,14,14
18,74,0,3,{},74,74,74,family,qft,3.6293377254996813,0.004030626000000037,18,7082,0,8502251520,865046528,18,0,74,1426.21404892,74,7082,0,phi/p1_t0,74,74
0,4,0,0,{},4,4,4,num_qubits,10,26.623846237499492,,0,406,0,8502251520,853884928,0,0,4,107.59402980899904,4,406,0,phi/p1_t0,4,4
0,6,0,0,{},6,6,6,num_qubits,11,3.628656529499949,,0,611,0,8502251520,854069248,0,0,6,69.69243262300097,6,611,0,phi/p1_t0,6,6
0,4,0,0,{},4,4,4,num_qubits,12,3.7017270749997806,,0,414,0,8502251520,854020096,0,0,4,67.81729847000042,4,414,0,phi/p1_t0,4,4
0,4,0,0,{},4,4,4,num_qubits,13,28.012276334499802,,0,400,0,8502251520,855789568,0,0,4,112.8888120369993,4,400,0,phi/p1_t0,4,4
0,4,0,0,{},4,4,4,num_qubits,14,3.326034091999645,,0,381,0,8502251520,853942272,0,0,4,61.69747591699888,4,381,0,phi/p1_t0,4,4
0,2,0,0,{},2,2,2,num_qubits,15,3.520708906499749,,0,198,0,8501194752,853041152,0,0,2,7.041417812999498,2,198,0,phi/p1_t0,2,2
0,2,0,0,{},2,2,2,num_qubits,16,28.84614616700037,,0,185,0,8501194752,853528576,0,0,2,57.69229233400074,2,185,0,phi/p1_t0,2,2
0,1,0,0,{},1,1,1,num_qubits,17,3.4599677800015343,,0,97,0,8501186560,853073920,0,0,1,3.4599677800015343,1,97,0,phi/p1_t0,1,1
4,4,0,0,{},4,4,4,num_qubits,2,22.86964700449971,0.003852149100000035,4,352,0,8502251520,853962752,4,0,4,96.34235500499926,4,352,0,phi/p1_t0,4,4
4,4,0,0,{},4,4,4,num_qubits,3,23.597302861499884,0.0021311678,4,352,0,8502251520,855891968,4,0,4,96.10506795199763,4,352,0,phi/p1_t0,4,4
0,4,0,0,{},4,4,4,num_qubits,30,3.1287676085003113,,0,347,0,8502251520,853786624,0,0,4,12.41802556300172,4,347,0,phi/p1_t0,4,4
4,4,0,1,{},4,4,4,num_qubits,4,23.352579375999994,0.012720959450000013,4,355,0,8502251520,853856256,4,0,4,93.82317891899947,4,355,0,phi/p1_t0,4,4
0,4,0,0,{},4,4,4,num_qubits,40,25.415832790499735,,0,400,0,8502251520,865046528,0,0,4,105.50585113799934,4,400,0,phi/p1_t0,4,4
4,8,0,0,{},8,8,8,num_qubits,5,3.278566876500008,0.025159552700000032,4,751,0,8502251520,868298752,4,0,8,116.23363456700281,8,751,0,phi/p1_t0,8,8
0,4,0,0,{},4,4,4,num_qubits,50,45.96804992249872,,0,395,0,8502251520,853057536,0,0,4,144.08022276899828,4,395,0,phi/p1_t0,4,4
2,4,0,2,{},4,4,4,num_qubits,6,23.1961339315003,0.0,2,367,0,8502251520,853008384,2,0,4,92.74072474799868,4,367,0,phi/p1_t0,4,4
0,3,0,0,{},3,3,3,num_qubits,60,3.404674735000299,,0,310,0,8501194752,852828160,0,0,3,10.584262153000964,3,310,0,phi/p1_t0,3,3
0,8,0,0,{},8,8,8,num_qubits,7,3.6782272114996886,,0,773,0,8502251520,853123072,0,0,8,162.92834470999878,8,773,0,phi/p1_t0,8,8
0,2,0,0,{},2,2,2,num_qubits,70,22.13230741999996,,0,219,0,8501194752,852971520,0,0,2,44.26461483999992,2,219,0,phi/p1_t0,2,2
0,4,0,0,{},4,4,4,num_qubits,8,23.933612239000468,,0,372,0,8502251520,853217280,0,0,4,106.89161704500111,4,372,0,phi/p1_t0,4,4
0,8,0,0,{},8,8,8,num_qubits,9,3.211132296500182,,0,730,0,8502251520,853123072,0,0,8,77.80109100400387,8,730,0,phi/p1_t0,8,8
0,14,0,0,{},14,14,14,family,pricing,2.4050501774997883,,0,1688,0,5819797504,1071919104,0,0,14,136.362337054999,14,1688,0,qwen/p0_t0,14,14
18,74,9,9,{},74,74,74,family,qft,4.2811668415001805,0.0033784027000000605,18,9281,5,5824278528,1072914432,18,0,74,714.7536084780008,74,9281,0,qwen/p0_t0,74,74
0,4,0,0,{},4,4,4,num_qubits,10,3.225459740000133,,0,465,0,5824016384,1056608256,0,0,4,33.78530566700101,4,465,0,qwen/p0_t0,4,4
0,6,0,0,{},6,6,6,num_qubits,11,11.332224311000118,,0,721,0,5824016384,1072730112,0,0,6,67.59761370699925,6,721,0,qwen/p0_t0,6,6
0,4,0,0,{},4,4,4,num_qubits,12,3.5873733779999384,,0,559,0,5824016384,1070641152,0,0,4,32.957112916999904,4,559,0,qwen/p0_t0,4,4
0,4,0,0,{},4,4,4,num_qubits,13,3.79583308100041,,0,588,0,5824016384,1056382976,0,0,4,34.592721382000036,4,588,0,qwen/p0_t0,4,4
0,4,0,0,{},4,4,4,num_qubits,14,12.473373472000048,,0,539,0,5824016384,1072914432,0,0,4,51.27261344799945,4,539,0,qwen/p0_t0,4,4
0,2,0,0,{},2,2,2,num_qubits,15,13.041633495500037,,0,257,0,5824016384,1070526464,0,0,2,26.083266991000073,2,257,0,qwen/p0_t0,2,2
0,2,0,0,{},2,2,2,num_qubits,16,3.8154654385000413,,0,274,0,5824016384,1056251904,0,0,2,7.6309308770000825,2,274,0,qwen/p0_t0,2,2
0,1,0,0,{},1,1,1,num_qubits,17,20.408014871999967,,0,117,0,5820862464,1017987072,0,0,1,20.408014871999967,1,117,0,qwen/p0_t0,1,1
4,4,0,4,{},4,4,4,num_qubits,2,3.007873637499415,0.000600740550000034,4,472,0,5824016384,1070903296,4,0,4,12.420969262998824,4,472,0,qwen/p0_t0,4,4
4,4,3,3,{},4,4,4,num_qubits,3,11.61201317349969,0.0,4,473,3,5824016384,1018961920,4,0,4,48.08689809600037,4,473,0,qwen/p0_t0,4,4
0,4,0,0,{},4,4,4,num_qubits,30,12.666505236000376,,0,528,0,5824016384,1072533504,0,0,4,52.739537725000446,4,528,0,qwen/p0_t0,4,4
4,4,1,0,{},4,4,4,num_qubits,4,2.975963128500098,0.0070976043500000086,4,442,0,5824278528,1070600192,4,0,4,11.925145930000326,4,442,0,qwen/p0_t0,4,4
0,4,0,0,{},4,4,4,num_qubits,40,12.58527230999971,,0,530,0,5824278528,1019244544,0,0,4,50.85436543100013,4,530,0,qwen/p0_t0,4,4
4,8,3,0,{},8,8,8,num_qubits,5,3.5722501504997126,0.02887577985000006,4,997,0,5824278528,1071656960,4,0,8,60.45459437699947,8,997,0,qwen/p0_t0,8,8
0,4,0,0,{},4,4,4,num_qubits,50,2.973541322499841,,0,478,0,5824278528,1071198208,0,0,4,12.370603090999793,4,478,0,qwen/p0_t0,4,4
2,4,2,2,{},4,4,4,num_qubits,6,20.166995178000434,0.0,2,513,2,5824016384,1019203584,2,0,4,67.6383519810015,4,513,0,qwen/p0_t0,4,4
0,3,0,0,{},3,3,3,num_qubits,60,15.802917547000106,,0,350,0,5824016384,1072005120,0,0,3,38.46619083400128,3,350,0,qwen/p0_t0,3,3
0,8,0,0,{},8,8,8,num_qubits,7,3.2510961969999244,,0,920,0,5824016384,1072427008,0,0,8,78.90840145300035,8,920,0,qwen/p0_t0,8,8
0,2,0,0,{},2,2,2,num_qubits,70,12.422323746999155,,0,364,0,5824016384,1019121664,0,0,2,24.84464749399831,2,364,0,qwen/p0_t0,2,2
0,4,0,0,{},4,4,4,num_qubits,8,4.00178782949979,,0,467,0,5824016384,1072545792,0,0,4,27.461369157000263,4,467,0,qwen/p0_t0,4,4
0,8,0,0,{},8,8,8,num_qubits,9,10.55193354249991,,0,915,0,5824016384,1070927872,0,0,8,90.61729083999899,8,915,0,qwen/p0_t0,8,8
0,14,0,0,{},14,14,14,family,pricing,2.2874600855000153,,0,1647,0,5819797504,1017769984,0,0,14,136.07346414599942,14,1647,0,qwen/p0_t07,14,14
18,74,11,4,{},74,74,74,family,qft,3.608391589999883,0.0019003071000000538,18,8570,3,5824278528,1070616576,18,0,74,659.9906862180028,74,8570,0,qwen/p0_t07,74,74
0,4,0,0,{},4,4,4,num_qubits,10,2.987041158500233,,0,482,0,5824016384,1020284928,0,0,4,32.80483432700066,4,482,0,qwen/p0_t07,4,4
0,6,0,0,{},6,6,6,num_qubits,11,3.250162993499771,,0,721,0,5824016384,1017479168,0,0,6,83.09161676699932,6,721,0,qwen/p0_t07,6,6
0,4,0,0,{},4,4,4,num_qubits,12,11.348826982999753,,0,483,0,5824016384,1070616576,0,0,4,46.19286421700008,4,483,0,qwen/p0_t07,4,4
0,4,0,0,{},4,4,4,num_qubits,13,2.9945483599999534,,0,461,0,5824016384,1017421824,0,0,4,31.129046405999816,4,461,0,qwen/p0_t07,4,4
0,4,0,0,{},4,4,4,num_qubits,14,2.921500527000262,,0,460,0,5824016384,1017651200,0,0,4,32.14006079400042,4,460,0,qwen/p0_t07,4,4
0,2,0,0,{},2,2,2,num_qubits,15,12.899818191000122,,0,235,0,5824016384,1016061952,0,0,2,25.799636382000244,2,235,0,qwen/p0_t07,2,2
0,2,0,0,{},2,2,2,num_qubits,16,12.221752673499623,,0,218,0,5824016384,1016123392,0,0,2,24.443505346999245,2,218,0,qwen/p0_t07,2,2
0,1,0,0,{},1,1,1,num_qubits,17,2.52673478800034,,0,153,0,5820862464,1016209408,0,0,1,2.52673478800034,1,153,0,qwen/p0_t07,1,1
4,4,2,0,{},4,4,4,num_qubits,2,10.489729535000151,0.0019003071000000538,4,397,0,5824016384,1016606720,4,0,4,42.76954246400055,4,397,0,qwen/p0_t07,4,4
4,4,1,1,{},4,4,4,num_qubits,3,2.8867411854998863,0.0017056340000000114,4,486,1,5824016384,1017126912,4,0,4,11.400005927000166,4,486,0,qwen/p0_t07,4,4
0,4,0,0,{},4,4,4,num_qubits,30,12.535789732999774,,0,450,0,5824016384,1017344000,0,0,4,49.99447398100028,4,450,0,qwen/p0_t07,4,4
4,4,3,1,{},4,4,4,num_qubits,4,11.541963369000314,0.0029232812000000163,4,488,0,5824278528,1017171968,4,0,4,47.80355703300029,4,488,0,qwen/p0_t07,4,4
0,4,0,0,{},4,4,4,num_qubits,40,2.5139953939999486,,0,438,0,5824278528,1019330560,0,0,4,10.929555576999974,4,438,0,qwen/p0_t07,4,4
4,8,3,0,{},8,8,8,num_qubits,5,9.836020067999698,0.02117756425000006,4,940,0,5824278528,1017122816,4,0,8,87.47294794900017,8,940,0,qwen/p0_t07,8,8
0,4,0,0,{},4,4,4,num_qubits,50,11.888166283000373,,0,419,0,5824278528,1055752192,0,0,4,48.31750896600033,4,419,0,qwen/p0_t07,4,4
2,4,2,2,{},4,4,4,num_qubits,6,2.87345993550025,0.0,2,514,2,5824016384,1017270272,2,0,4,12.411674364000646,4,514,0,qwen/p0_t07,4,4
0,3,0,0,{},3,3,3,num_qubits,60,1.7559745239996118,,0,342,0,5824016384,1017167872,0,0,3,27.336169501999393,3,342,0,qwen/p0_t07,3,3
0,8,0,0,{},8,8,8,num_qubits,7,2.711011199499808,,0,924,0,5824016384,1019379712,0,0,8,75.29146253699946,8,924,0,qwen/p0_t07,8,8
0,2,0,0,{},2,2,2,num_qubits,70,3.203036950999831,,0,246,0,5824016384,1017163776,0,0,2,6.406073901999662,2,246,0,qwen/p0_t07,2,2
0,4,0,0,{},4,4,4,num_qubits,8,3.125588648000303,,0,427,0,5824016384,1019609088,0,0,4,29.326108086001113,4,427,0,qwen/p0_t07,4,4
0,8,0,0,{},8,8,8,num_qubits,9,4.306950583500111,,0,933,0,5824016384,1017372672,0,0,8,68.47677104800005,8,933,0,qwen/p0_t07,8,8
0,14,0,0,{},14,14,14,family,pricing,2.631801684000038,,0,1850,0,5819797504,1071910912,0,0,14,97.7892816489998,14,1850,0,qwen/p1_t0,14,14
18,74,7,6,"{""transport_failure"": 1}",73,73,73,family,qft,4.393185045500104,0.005555324300000053,18,8478,3,5824278528,1072803840,18,0,73,678.9726241640005,74,,0,qwen/p1_t0,73,73
0,4,0,0,{},4,4,4,num_qubits,10,11.341913603499961,,0,474,0,5824016384,1072619520,0,0,4,45.37298453800122,4,474,0,qwen/p1_t0,4,4
0,6,0,0,{},6,6,6,num_qubits,11,2.5521594230001483,,0,724,0,5824016384,1072685056,0,0,6,37.6783139030008,6,724,0,qwen/p1_t0,6,6
0,4,0,0,{},4,4,4,num_qubits,12,3.2979234324998288,,0,470,0,5824016384,1072738304,0,0,4,33.56953410699998,4,470,0,qwen/p1_t0,4,4
0,4,0,0,{},4,4,4,num_qubits,13,11.716096700000435,,0,500,0,5824016384,1072218112,0,0,4,48.205364407000616,4,500,0,qwen/p1_t0,4,4
0,4,0,0,{},4,4,4,num_qubits,14,3.728298418000122,,0,504,0,5824016384,1072803840,0,0,4,33.0831308780007,4,504,0,qwen/p1_t0,4,4
0,2,0,0,{},2,2,2,num_qubits,15,3.2598062355000366,,0,221,0,5824016384,1070522368,0,0,2,6.519612471000073,2,221,0,qwen/p1_t0,2,2
0,2,0,0,{},2,2,2,num_qubits,16,12.285389484999769,,0,221,0,5824016384,1056161792,0,0,2,24.570778969999537,2,221,0,qwen/p1_t0,2,2
0,1,0,0,{},1,1,1,num_qubits,17,2.0372252910001407,,0,98,0,5821911040,1070428160,0,0,1,2.0372252910001407,1,98,0,qwen/p1_t0,1,1
4,4,1,4,{},4,4,4,num_qubits,2,11.761189431000275,0.000600740550000034,4,439,1,5824016384,1070874624,4,0,4,48.292078856000444,4,439,0,qwen/p1_t0,4,4
4,4,0,0,{},4,4,4,num_qubits,3,11.576905268500013,0.003630479150000032,4,434,0,5824016384,1071673344,4,0,4,47.125575080999624,4,434,0,qwen/p1_t0,4,4
0,4,0,0,{},4,4,4,num_qubits,30,3.3657919525001034,,0,497,0,5824016384,1072369664,0,0,4,14.04403785399927,4,497,0,qwen/p1_t0,4,4
4,4,1,0,{},4,4,4,num_qubits,4,11.306403489500099,0.0070976043500000086,4,456,0,5824278528,1070555136,4,0,4,47.78807775900077,4,456,0,qwen/p1_t0,4,4
0,4,0,0,{},4,4,4,num_qubits,40,12.200890671000025,,0,402,0,5824278528,1072168960,0,0,4,50.67960127699962,4,402,0,qwen/p1_t0,4,4
4,8,3,0,{},8,8,8,num_qubits,5,3.492107987500276,0.02887577985000006,4,964,0,5824278528,1071656960,4,0,8,54.51815854999904,8,964,0,qwen/p1_t0,8,8
0,4,0,0,{},4,4,4,num_qubits,50,11.524357224499909,,0,401,0,5824278528,1071165440,0,0,4,46.88096185299946,4,401,0,qwen/p1_t0,4,4
2,4,2,2,"{""transport_failure"": 1}",3,3,3,num_qubits,6,3.8154098280001563,0.0,2,329,2,5824278528,1072377856,2,0,3,32.035290375000386,4,,0,qwen/p1_t0,3,3
0,3,0,0,{},3,3,3,num_qubits,60,2.8049582290004764,,0,425,0,5824016384,1071955968,0,0,3,10.446865113999593,3,425,0,qwen/p1_t0,3,3
0,8,0,0,{},8,8,8,num_qubits,7,3.6243479055001444,,0,1035,0,5824016384,1072427008,0,0,8,74.77011533400082,8,1035,0,qwen/p1_t0,8,8
0,2,0,0,{},2,2,2,num_qubits,70,10.698493333499755,,0,299,0,5824016384,1071820800,0,0,2,21.39698666699951,2,299,0,qwen/p1_t0,2,2
0,4,0,0,{},4,4,4,num_qubits,8,13.494816038999943,,0,444,0,5824016384,1072545792,0,0,4,51.997846850000315,4,444,0,qwen/p1_t0,4,4
0,8,0,0,{},8,8,8,num_qubits,9,2.868767692500114,,0,991,0,5824016384,1071525888,0,0,8,45.74936567799841,8,991,0,qwen/p1_t0,8,8
