circuit_id,size_group,qubits,depth,operations,source_ref,source_sha256,upstream_url
qasmbench_deutsch_n2,small,2,5,7,small/deutsch_n2/deutsch_n2.qasm,56a7b3389495fb497df1a331abb7d4f64ac57d397aaa1c1169d0ac33a10889cd,https://github.com/pnnl/QASMBench/blob/357b942396d5c2b7cbc1c229c585a6ef5ccaebac/small/deutsch_n2/deutsch_n2.qasm
qasmbench_iswap_n2,small,2,8,11,small/iswap_n2/iswap_n2.qasm,0c6d4dffaeb32c5758511cb51d5f89bcb6c97f3f60c1f5e3cbbeabb53c53ed50,https://github.com/pnnl/QASMBench/blob/357b942396d5c2b7cbc1c229c585a6ef5ccaebac/small/iswap_n2/iswap_n2.qasm
qasmbench_quantumwalks_n2,small,2,8,13,small/quantumwalks_n2/quantumwalks_n2.qasm,dea93828107b2b17f6381ed75cb8d985bc8790be74a7378179b441932a84e80b,https://github.com/pnnl/QASMBench/blob/357b942396d5c2b7cbc1c229c585a6ef5ccaebac/small/quantumwalks_n2/quantumwalks_n2.qasm
qasmbench_grover_n2,small,2,12,18,small/grover_n2/grover_n2.qasm,afd134759fa0eefb9f84a88d3e9f156cd54e83b10177d02c33bb6f519c08b813,https://github.com/pnnl/QASMBench/blob/357b942396d5c2b7cbc1c229c585a6ef5ccaebac/small/grover_n2/grover_n2.qasm
qasmbench_dnn_n2,small,2,155,228,small/dnn_n2/dnn_n2.qasm,ce0359edb654e5dd1f54035e07cec177d2f50ae1ecd45b651ba71637854b7921,https://github.com/pnnl/QASMBench/blob/357b942396d5c2b7cbc1c229c585a6ef5ccaebac/small/dnn_n2/dnn_n2.qasm
qasmbench_qaoa_n3,small,3,12,18,small/qaoa_n3/qaoa_n3.qasm,4dc17a12b187cc3cf02962cf023a36de4cc48ed3923343ab9ef84e3daf89f5c7,https://github.com/pnnl/QASMBench/blob/357b942396d5c2b7cbc1c229c585a6ef5ccaebac/small/qaoa_n3/qaoa_n3.qasm
qasmbench_toffoli_n3,small,3,13,21,small/toffoli_n3/toffoli_n3.qasm,3cd72f83491b25a3c7c94fa826f85fe13f1af28079268b2c34e144299380968f,https://github.com/pnnl/QASMBench/blob/357b942396d5c2b7cbc1c229c585a6ef5ccaebac/small/toffoli_n3/toffoli_n3.qasm
qasmbench_fredkin_n3,small,3,12,22,small/fredkin_n3/fredkin_n3.qasm,5ede0e9d4cdc723afcdb515f16f984bf47cf53423e12fcafc10ee03bd9577996,https://github.com/pnnl/QASMBench/blob/357b942396d5c2b7cbc1c229c585a6ef5ccaebac/small/fredkin_n3/fredkin_n3.qasm
qasmbench_wstate_n3,small,3,6,9,small/wstate_n3/wstate_n3.qasm,9077432a88fea0f3da2c3b24558333c1a329261b20836ba82b253418d8c7b0dd,https://github.com/pnnl/QASMBench/blob/357b942396d5c2b7cbc1c229c585a6ef5ccaebac/small/wstate_n3/wstate_n3.qasm
qasmbench_basis_change_n3,small,3,22,36,small/basis_change_n3/basis_change_n3.qasm,2d998840327e516c71142442f6d9c2924962a8fad2e12e70a2c90d53a78be851,https://github.com/pnnl/QASMBench/blob/357b942396d5c2b7cbc1c229c585a6ef5ccaebac/small/basis_change_n3/basis_change_n3.qasm
qasmbench_qrng_n4,small,4,2,8,small/qrng_n4/qrng_n4.qasm,627d604f685cebe71f4d079cea6a9266a8d6a136279b6199b32cbc010079a184,https://github.com/pnnl/QASMBench/blob/357b942396d5c2b7cbc1c229c585a6ef5ccaebac/small/qrng_n4/qrng_n4.qasm
qasmbench_cat_state_n4,small,4,5,8,small/cat_state_n4/cat_state_n4.qasm,caa882935bb73087db2edbee2aa77133965bdda3aec9687166f9e96b9a2ef8ff,https://github.com/pnnl/QASMBench/blob/357b942396d5c2b7cbc1c229c585a6ef5ccaebac/small/cat_state_n4/cat_state_n4.qasm
qasmbench_adder_n10,small,10,11,19,small/adder_n10/adder_n10.qasm,89af975627593648e7aca6ac6cb936d2c872093c1eedcaa1b2ab4fa14b602624,https://github.com/pnnl/QASMBench/blob/357b942396d5c2b7cbc1c229c585a6ef5ccaebac/small/adder_n10/adder_n10.qasm
qasmbench_adder_n4,small,4,12,27,small/adder_n4/adder_n4.qasm,30f0be9eb50d37ab2de7c87676e32ff7c66bc67eff32dfeafa0cf69951d92438,https://github.com/pnnl/QASMBench/blob/357b942396d5c2b7cbc1c229c585a6ef5ccaebac/small/adder_n4/adder_n4.qasm
qasmbench_hs4_n4,small,4,10,32,small/hs4_n4/hs4_n4.qasm,f362ca9ffd7f045f517dfe4d67350794ac998f4eb427586a804eed9379340f63,https://github.com/pnnl/QASMBench/blob/357b942396d5c2b7cbc1c229c585a6ef5ccaebac/small/hs4_n4/hs4_n4.qasm
qasmbench_bell_n4,small,4,14,37,small/bell_n4/bell_n4.qasm,1f3a1115385d87f6a444189776e521d6bba1d300f96454e85cb58bb3e297bf81,https://github.com/pnnl/QASMBench/blob/357b942396d5c2b7cbc1c229c585a6ef5ccaebac/small/bell_n4/bell_n4.qasm
qasmbench_qft_n4,small,4,9,16,small/qft_n4/qft_n4.qasm,62c6c8c7ddd95ac2b5367420b9925dbf82d6fb45725f089f01619a639621ad60,https://github.com/pnnl/QASMBench/blob/357b942396d5c2b7cbc1c229c585a6ef5ccaebac/small/qft_n4/qft_n4.qasm
qasmbench_variational_n4,small,4,34,58,small/variational_n4/variational_n4.qasm,df4ced794da7fd4ca56eb2b02bce53ee77207bec77286cb4626115c6a9b6357d,https://github.com/pnnl/QASMBench/blob/357b942396d5c2b7cbc1c229c585a6ef5ccaebac/small/variational_n4/variational_n4.qasm
qasmbench_vqe_n4,small,4,28,93,small/vqe_n4/vqe_n4.qasm,f6777e4fdd8eadcbc8a85a5135e797a96d3b91b3f494593a5b8c9fdcd37530c6,https://github.com/pnnl/QASMBench/blob/357b942396d5c2b7cbc1c229c585a6ef5ccaebac/small/vqe_n4/vqe_n4.qasm
qasmbench_sat_n7,small,7,21,42,small/sat_n7/sat_n7.qasm,8b1f5b293141114e9f550d05fa04958f88f819e7d7aa7b1ef691c6158b0bd926,https://github.com/pnnl/QASMBench/blob/357b942396d5c2b7cbc1c229c585a6ef5ccaebac/small/sat_n7/sat_n7.qasm
qasmbench_basis_trotter_n4,small,4,815,1510,small/basis_trotter_n4/basis_trotter_n4.qasm,9ead0e7d5f41cb6675c19457d4e414b77cf90c78cea3e0412bcccdc3f9f73dd5,https://github.com/pnnl/QASMBench/blob/357b942396d5c2b7cbc1c229c585a6ef5ccaebac/small/basis_trotter_n4/basis_trotter_n4.qasm
qasmbench_lpn_n5,small,5,5,16,small/lpn_n5/lpn_n5.qasm,4216e9b4fdf9f22e6ae4f92a67aac8c634209093db4e3f0290f5413165b4de87,https://github.com/pnnl/QASMBench/blob/357b942396d5c2b7cbc1c229c585a6ef5ccaebac/small/lpn_n5/lpn_n5.qasm
qasmbench_qec_en_n5,small,5,18,30,small/qec_en_n5/qec_en_n5.qasm,d7b95967326b65050c5e645c180f2361f8cb3513dae7936de0e0cf53a63fec58,https://github.com/pnnl/QASMBench/blob/357b942396d5c2b7cbc1c229c585a6ef5ccaebac/small/qec_en_n5/qec_en_n5.qasm
qasmbench_pea_n5,small,5,24,33,small/pea_n5/pea_n5.qasm,0ab8129a30be0350c68704b5fcd91f2dfb4c868303c5ad761af411f277f91660,https://github.com/pnnl/QASMBench/blob/357b942396d5c2b7cbc1c229c585a6ef5ccaebac/small/pea_n5/pea_n5.qasm
qasmbench_simon_n6,small,6,9,22,small/simon_n6/simon_n6.qasm,756eee6bf939d1b5879da3ff1bae66cfd2599b9b96515f336ecde6f9ca512fc9,https://github.com/pnnl/QASMBench/blob/357b942396d5c2b7cbc1c229c585a6ef5ccaebac/small/simon_n6/simon_n6.qasm
qasmbench_qaoa_n6,small,6,110,276,small/qaoa_n6/qaoa_n6.qasm,fde5eff21c334ef02430bbfa8ea38f9287625cab3ffbd45d92d79590ee27dcc9,https://github.com/pnnl/QASMBench/blob/357b942396d5c2b7cbc1c229c585a6ef5ccaebac/small/qaoa_n6/qaoa_n6.qasm
qasmbench_hhl_n7,small,7,551,696,small/hhl_n7/hhl_n7.qasm,8d7754418a92a0f8e28010f1430d7bc4e9db4b08f4f364473bd5290ee6fc8b94,https://github.com/pnnl/QASMBench/blob/357b942396d5c2b7cbc1c229c585a6ef5ccaebac/small/hhl_n7/hhl_n7.qasm
qasmbench_dnn_n8,small,8,173,1016,small/dnn_n8/dnn_n8.qasm,7f1f342a59a7a9159a2f0fa619b8a64170a159158ae838eaa75b13212cf2a161,https://github.com/pnnl/QASMBench/blob/357b942396d5c2b7cbc1c229c585a6ef5ccaebac/small/dnn_n8/dnn_n8.qasm
qasmbench_qpe_n9,small,9,21,39,small/qpe_n9/qpe_n9.qasm,b341d904913f8a41f22fee387a7939ec9b43873e5f2efeb739d57317ef2b4523,https://github.com/pnnl/QASMBench/blob/357b942396d5c2b7cbc1c229c585a6ef5ccaebac/small/qpe_n9/qpe_n9.qasm
qasmbench_ising_n10,small,10,71,490,small/ising_n10/ising_n10.qasm,c10edc4a40eadf4d610aa012524e9eed4bdd1a02fc9d939cccae8ad4ed942f67,https://github.com/pnnl/QASMBench/blob/357b942396d5c2b7cbc1c229c585a6ef5ccaebac/small/ising_n10/ising_n10.qasm
qasmbench_sat_n11,medium,11,51,95,medium/sat_n11/sat_n11.qasm,a876bce6261e0c6b2eff07cca8606a6937fe37ba46d8b1c28cc735d9c8fa325e,https://github.com/pnnl/QASMBench/blob/357b942396d5c2b7cbc1c229c585a6ef5ccaebac/medium/sat_n11/sat_n11.qasm
qasmbench_multiply_n13,medium,13,8,18,medium/multiply_n13/multiply_n13.qasm,6d00a50a97f2224ddbb993ed3d82b1928cc1397997fc0347296d7fc42d731755,https://github.com/pnnl/QASMBench/blob/357b942396d5c2b7cbc1c229c585a6ef5ccaebac/medium/multiply_n13/multiply_n13.qasm
qasmbench_bv_n14,medium,14,17,54,medium/bv_n14/bv_n14.qasm,c98cf8b70ed55423525f55bebe8293fd69a97a33472d83cbf5d39693b6ed5e14,https://github.com/pnnl/QASMBench/blob/357b942396d5c2b7cbc1c229c585a6ef5ccaebac/medium/bv_n14/bv_n14.qasm
qasmbench_multiplier_n15,medium,15,49,73,medium/multiplier_n15/multiplier_n15.qasm,e8ad585e5be09f96dd60f7495bd649562c6c05f8bf5d8a416b85a9d834e7eab8,https://github.com/pnnl/QASMBench/blob/357b942396d5c2b7cbc1c229c585a6ef5ccaebac/medium/multiplier_n15/multiplier_n15.qasm
qasmbench_dnn_n16,medium,16,173,2032,medium/dnn_n16/dnn_n16.qasm,c194be8740c380fc9679ebcca2515ac52215aea1c58dc5cfc507679a88c64d79,https://github.com/pnnl/QASMBench/blob/357b942396d5c2b7cbc1c229c585a6ef5ccaebac/medium/dnn_n16/dnn_n16.qasm
qasmbench_qec9xz_n17,medium,17,16,61,medium/qec9xz_n17/qec9xz_n17.qasm,27399092d22b16052641827cf12c87f524342ec308d8a2f6589a2d9f815682d3,https://github.com/pnnl/QASMBench/blob/357b942396d5c2b7cbc1c229c585a6ef5ccaebac/medium/qec9xz_n17/qec9xz_n17.qasm
qasmbench_qft_n18,medium,18,134,801,medium/qft_n18/qft_n18.qasm,5ed6ee804a7067160294d7db81859886788ae56e853286e7307e9c74d5c35ab3,https://github.com/pnnl/QASMBench/blob/357b942396d5c2b7cbc1c229c585a6ef5ccaebac/medium/qft_n18/qft_n18.qasm
qasmbench_bigadder_n18,medium,18,4,21,medium/bigadder_n18/bigadder_n18.qasm,097ac44672d0bb9696cd77e561bc094a661f45fa84762373df840efddac4d094,https://github.com/pnnl/QASMBench/blob/357b942396d5c2b7cbc1c229c585a6ef5ccaebac/medium/bigadder_n18/bigadder_n18.qasm
qasmbench_gcm_n13,medium,13,2447,3149,medium/gcm_n13/gcm_h6.qasm,2519fdb644635c9f21671c725c23d83893e2b62ccfd926fe2d85b868a01e2bcd,https://github.com/pnnl/QASMBench/blob/357b942396d5c2b7cbc1c229c585a6ef5ccaebac/medium/gcm_n13/gcm_h6.qasm
qasmbench_qram_n20,medium,20,24,45,medium/qram_n20/qram_n20.qasm,2b22f2a0a013cb91c5b59063b04e33998a1e24bbd5300a085b01edadd9ac763d,https://github.com/pnnl/QASMBench/blob/357b942396d5c2b7cbc1c229c585a6ef5ccaebac/medium/qram_n20/qram_n20.qasm
qasmbench_cat_state_n22,medium,22,23,44,medium/cat_state_n22/cat_state_n22.qasm,a7b6a6a5c83397281250f255ce303f34e90c65d3990ef5b3ecc96fc685083c1e,https://github.com/pnnl/QASMBench/blob/357b942396d5c2b7cbc1c229c585a6ef5ccaebac/medium/cat_state_n22/cat_state_n22.qasm
qasmbench_ghz_state_n23,medium,23,24,46,medium/ghz_state_n23/ghz_state_n23.qasm,27e77c753e2993b3b4785872ec83d434dfac62cc526f4ee574347e6f5c8986ff,https://github.com/pnnl/QASMBench/blob/357b942396d5c2b7cbc1c229c585a6ef5ccaebac/medium/ghz_state_n23/ghz_state_n23.qasm
qasmbench_swap_test_n25,medium,25,15,39,medium/swap_test_n25/swap_test_n25.qasm,45649f6f4af12870b87c8088d97e286fff709b34e38f6363fef79c35a6bda1f0,https://github.com/pnnl/QASMBench/blob/357b942396d5c2b7cbc1c229c585a6ef5ccaebac/medium/swap_test_n25/swap_test_n25.qasm
qasmbench_ising_n26,medium,26,16,306,medium/ising_n26/ising_n26.qasm,ac0dc5f6af55575ad454ce16f78820fa7e1aa16b027a6ab8e49af82b276054ba,https://github.com/pnnl/QASMBench/blob/357b942396d5c2b7cbc1c229c585a6ef5ccaebac/medium/ising_n26/ising_n26.qasm
qasmbench_wstate_n27,medium,27,55,132,medium/wstate_n27/wstate_n27.qasm,ecd71063a3bf7e3a7a7440130c932f734aa13c6e368521e82a23f59572071a84,https://github.com/pnnl/QASMBench/blob/357b942396d5c2b7cbc1c229c585a6ef5ccaebac/medium/wstate_n27/wstate_n27.qasm
qasmbench_adder_n28,large,28,42,116,large/adder_n28/adder_n28.qasm,18ffaae6478e1b9ab873e12035cb3071d826e27d4f51d1c77ec6685206b3a3cf,https://github.com/pnnl/QASMBench/blob/357b942396d5c2b7cbc1c229c585a6ef5ccaebac/large/adder_n28/adder_n28.qasm
qasmbench_qft_n63,large,63,494,9891,large/qft_n63/qft_n63.qasm,6fad7f3a11b4f50b10a467b076521d22891505bb759f63146be84e74225417ba,https://github.com/pnnl/QASMBench/blob/357b942396d5c2b7cbc1c229c585a6ef5ccaebac/large/qft_n63/qft_n63.qasm
qasmbench_ising_n98,large,98,16,1170,large/ising_n98/ising_n98.qasm,a5df0fa957b250a59561348cf0d3b30f01626634b33cfbaea09d32f770a5f8af,https://github.com/pnnl/QASMBench/blob/357b942396d5c2b7cbc1c229c585a6ef5ccaebac/large/ising_n98/ising_n98.qasm
qasmbench_qugan_n111,large,111,112,438,large/qugan_n111/qugan_n111.qasm,949bc69389fd910b0ca274a878632ccc7bfd312623ee9d1eb466f054ec1a9bde,https://github.com/pnnl/QASMBench/blob/357b942396d5c2b7cbc1c229c585a6ef5ccaebac/large/qugan_n111/qugan_n111.qasm
qasmbench_bv_n140,large,140,76,491,large/bv_n140/bv_n140.qasm,100b4d69fc11f00dfc27c09e2ccd5661fe6b7183c9e3eb685a78bc2659344ca5,https://github.com/pnnl/QASMBench/blob/357b942396d5c2b7cbc1c229c585a6ef5ccaebac/large/bv_n140/bv_n140.qasm
