accuracy_denominator,circuits,configuration_exact_matches,device_exact_matches,failures,first_attempt_json_valid,first_attempt_schema_valid,first_attempt_valid,median_call_seconds,median_regret_absolute,oracle_available,output_tokens_observed_lower_bound,pair_exact_matches,peak_gpu_bytes,peak_ram_bytes,regret_available,repairs,token_complete_circuits,total_call_seconds,total_llm_calls,total_output_tokens,transport_retries,trial_id,valid_and_compilable,valid_decisions
18,88,9,9,{},88,88,88,4.125422170000093,0.0033784027000000605,18,10969,5,5824278528,1072914432,18,0,88,851.1159455329998,88,10969,0,qwen/p0_t0,88,88
18,88,11,4,{},88,88,88,3.554942043999745,0.0019003071000000538,18,10217,3,5824278528,1070616576,18,0,88,796.0641503640022,88,10217,0,qwen/p0_t07,88,88
18,88,7,6,"{""transport_failure"": 1}",87,87,87,4.177820455999608,0.005555324300000053,18,10328,3,5824278528,1072803840,18,0,87,776.7619058130003,88,,0,qwen/p1_t0,87,87
18,88,2,3,{},88,88,88,3.3583550604989796,0.004030626000000037,18,8467,0,8502251520,870756352,18,0,88,1629.4728955439941,88,8467,0,phi/p0_t0,88,88
18,88,8,3,"{""transport_failure"": 1}",87,87,87,3.198645593999572,0.0019618712500000246,18,8238,1,8502251520,856043520,18,0,87,1538.2138108819945,88,,0,phi/p0_t07,87,87
18,88,0,3,{},88,88,88,3.5785645024998303,0.004030626000000037,18,8415,0,8502251520,868298752,18,0,88,1647.6027171960022,88,8415,0,phi/p1_t0,88,88
18,88,6,4,{},88,88,88,3.1228286569999852,0.006643481750000013,18,6622,0,5923196928,4026589184,18,0,88,891.4549407770011,88,6622,0,gemma/p0_t0,88,88
18,88,10,10,"{""transport_failure"": 1}",87,87,87,3.365301557000066,0.0016153371500000624,18,7003,7,5923196928,4027023360,18,0,87,859.2930990270008,88,,0,gemma/p0_t07,87,87
18,88,5,4,{},88,88,88,3.3386995620001017,0.006643481750000013,18,6832,0,5923196928,4044234752,18,0,88,902.1904545620013,88,6832,0,gemma/p1_t0,88,88
