device_id,device_num_qubits,target_sha256,run_id,circuit_id,family,generator,num_qubits,depth,size,config_id,optimization_level,layout_method,routing_method,seed,status,phase,category,exception_type,timeout_seconds,observed_total_seconds,message,diagnostic_method,observed_phase,completed_pass_count,last_completed_pass_name,last_completed_pass_class,last_completed_pass_index,last_completed_pass_duration_seconds,last_completed_pass_wall_elapsed_seconds,interrupted_pass_file,interrupted_pass_function,interrupted_pass_line,inferred_qiskit_stage,inferred_configuration_component,inferred_configuration_value,inference_confidence,causal_attribution_supported,diagnostic_limitations,last_relevant_qiskit_frame
ibm_heron_133,133,804f28754ad200e42a328ba910639c9d6fd3233dff35035e7f3cb85a2fc5168a,run_eca4a7efbcd1a8c71f18933e73c34fcac8fc4a94e1afbfa9f626dcc330c6cc08,pricingcall_indep_qiskit_5,pricingcall,qiskit,5,36,47,o2_sabre_lookahead,2,sabre,lookahead,0,timeout,transpilation,timeout,AttemptTimeoutError,100.0,100.00685162900027,Tentativo interrotto dopo 100.0 secondi.,qiskit_post_pass_callback_and_sigalrm_traceback,transpilation,21,LookaheadSwap,qiskit.transpiler.passes.routing.lookahead_swap.LookaheadSwap,20,99.97033977508545,99.99966685100026,qiskit/transpiler/passes/routing/lookahead_swap.py,_calc_layout_distance,342,routing,routing_method,lookahead,medium,False,"Il callback pubblico di Qiskit viene eseguito dopo ogni pass: last_completed_pass non identifica necessariamente il pass interrotto. | Lo stack indica dove SIGALRM è stato osservato, non dimostra quale pass, configurazione, circuito o hardware abbia causato il timeout. | Un'attribuzione causale richiede confronti controllati tra circuiti, configurazioni e device.",qiskit/transpiler/passes/routing/lookahead_swap.py:342:_calc_layout_distance
ibm_heron_133,133,804f28754ad200e42a328ba910639c9d6fd3233dff35035e7f3cb85a2fc5168a,run_b487db8411caa42e98c4d03f2d57eaabfc4be9a59dc1455f2ae79c742ad7d1d2,pricingcall_indep_qiskit_5,pricingcall,qiskit,5,36,47,o2_sabre_lookahead,2,sabre,lookahead,1,timeout,transpilation,timeout,AttemptTimeoutError,100.0,100.01611257599961,Tentativo interrotto dopo 100.0 secondi.,qiskit_post_pass_callback_and_sigalrm_traceback,transpilation,21,LookaheadSwap,qiskit.transpiler.passes.routing.lookahead_swap.LookaheadSwap,20,99.9519100189209,99.99894717999996,qiskit/transpiler/passes/routing/lookahead_swap.py,<genexpr>,390,routing,routing_method,lookahead,medium,False,"Il callback pubblico di Qiskit viene eseguito dopo ogni pass: last_completed_pass non identifica necessariamente il pass interrotto. | Lo stack indica dove SIGALRM è stato osservato, non dimostra quale pass, configurazione, circuito o hardware abbia causato il timeout. | Un'attribuzione causale richiede confronti controllati tra circuiti, configurazioni e device.",qiskit/transpiler/passes/routing/lookahead_swap.py:390:<genexpr>
ibm_heron_133,133,804f28754ad200e42a328ba910639c9d6fd3233dff35035e7f3cb85a2fc5168a,run_3180da5266b2059707aaf09591b7ef1c59af28ce2b40ef147c77386a5a5296f5,pricingcall_indep_qiskit_5,pricingcall,qiskit,5,36,47,o2_sabre_lookahead,2,sabre,lookahead,2,timeout,transpilation,timeout,AttemptTimeoutError,100.0,100.00698787500005,Tentativo interrotto dopo 100.0 secondi.,qiskit_post_pass_callback_and_sigalrm_traceback,transpilation,21,LookaheadSwap,qiskit.transpiler.passes.routing.lookahead_swap.LookaheadSwap,20,99.96997141838074,99.99945161899996,qiskit/transpiler/passes/routing/lookahead_swap.py,_first_op_node,390,routing,routing_method,lookahead,medium,False,"Il callback pubblico di Qiskit viene eseguito dopo ogni pass: last_completed_pass non identifica necessariamente il pass interrotto. | Lo stack indica dove SIGALRM è stato osservato, non dimostra quale pass, configurazione, circuito o hardware abbia causato il timeout. | Un'attribuzione causale richiede confronti controllati tra circuiti, configurazioni e device.",qiskit/transpiler/passes/routing/lookahead_swap.py:390:_first_op_node
ibm_heron_133,133,804f28754ad200e42a328ba910639c9d6fd3233dff35035e7f3cb85a2fc5168a,run_3ecb99b6deeb3d9ec31d9cd24a8e598c608df2aeb0a27c4af64a3d8578504794,qft_indep_tket_40,qft,tket,40,81,880,o2_sabre_lookahead,2,sabre,lookahead,0,timeout,transpilation,timeout,AttemptTimeoutError,100.0,100.01789862700025,Tentativo interrotto dopo 100.0 secondi.,qiskit_post_pass_callback_and_sigalrm_traceback,transpilation,21,LookaheadSwap,qiskit.transpiler.passes.routing.lookahead_swap.LookaheadSwap,20,99.71062469482422,99.98662091699953,qiskit/transpiler/passes/routing/lookahead_swap.py,_calc_layout_distance,342,routing,routing_method,lookahead,medium,False,"Il callback pubblico di Qiskit viene eseguito dopo ogni pass: last_completed_pass non identifica necessariamente il pass interrotto. | Lo stack indica dove SIGALRM è stato osservato, non dimostra quale pass, configurazione, circuito o hardware abbia causato il timeout. | Un'attribuzione causale richiede confronti controllati tra circuiti, configurazioni e device.",qiskit/transpiler/passes/routing/lookahead_swap.py:342:_calc_layout_distance
ibm_heron_133,133,804f28754ad200e42a328ba910639c9d6fd3233dff35035e7f3cb85a2fc5168a,run_1d6e928ea96721f7e2bd61bfdce1250fdca78b72202f57d2e2979c60469e296e,qft_indep_tket_40,qft,tket,40,81,880,o2_sabre_lookahead,2,sabre,lookahead,1,timeout,transpilation,timeout,AttemptTimeoutError,100.0,100.02738932400007,Tentativo interrotto dopo 100.0 secondi.,qiskit_post_pass_callback_and_sigalrm_traceback,transpilation,21,LookaheadSwap,qiskit.transpiler.passes.routing.lookahead_swap.LookaheadSwap,20,99.72696709632874,99.98628281699985,qiskit/transpiler/passes/routing/lookahead_swap.py,_calc_layout_distance,342,routing,routing_method,lookahead,medium,False,"Il callback pubblico di Qiskit viene eseguito dopo ogni pass: last_completed_pass non identifica necessariamente il pass interrotto. | Lo stack indica dove SIGALRM è stato osservato, non dimostra quale pass, configurazione, circuito o hardware abbia causato il timeout. | Un'attribuzione causale richiede confronti controllati tra circuiti, configurazioni e device.",qiskit/transpiler/passes/routing/lookahead_swap.py:342:_calc_layout_distance
ibm_heron_133,133,804f28754ad200e42a328ba910639c9d6fd3233dff35035e7f3cb85a2fc5168a,run_16473ad9940032ba4b4fbd74060a05707a56ea76f4117f0cf7def768e2ead40d,qft_indep_tket_40,qft,tket,40,81,880,o2_sabre_lookahead,2,sabre,lookahead,2,timeout,transpilation,timeout,AttemptTimeoutError,100.0,100.02444593499968,Tentativo interrotto dopo 100.0 secondi.,qiskit_post_pass_callback_and_sigalrm_traceback,transpilation,21,LookaheadSwap,qiskit.transpiler.passes.routing.lookahead_swap.LookaheadSwap,20,99.75098752975464,99.9910669740002,qiskit/transpiler/passes/routing/lookahead_swap.py,_calc_layout_distance,342,routing,routing_method,lookahead,medium,False,"Il callback pubblico di Qiskit viene eseguito dopo ogni pass: last_completed_pass non identifica necessariamente il pass interrotto. | Lo stack indica dove SIGALRM è stato osservato, non dimostra quale pass, configurazione, circuito o hardware abbia causato il timeout. | Un'attribuzione causale richiede confronti controllati tra circuiti, configurazioni e device.",qiskit/transpiler/passes/routing/lookahead_swap.py:342:_calc_layout_distance
ibm_heron_133,133,804f28754ad200e42a328ba910639c9d6fd3233dff35035e7f3cb85a2fc5168a,run_fbf7f7e50671905f6042f1cc5d9434e972d83ec899f564d275772016941f6eb2,qpeexact_indep_tket_60,qpeexact,tket,60,179,1977,o2_sabre_lookahead,2,sabre,lookahead,0,timeout,transpilation,timeout,AttemptTimeoutError,100.0,100.03334205400006,Tentativo interrotto dopo 100.0 secondi.,qiskit_post_pass_callback_and_sigalrm_traceback,transpilation,21,LookaheadSwap,qiskit.transpiler.passes.routing.lookahead_swap.LookaheadSwap,20,99.58591866493225,99.98188492499958,qiskit/transpiler/passes/routing/lookahead_swap.py,_map_free_gates,312,routing,routing_method,lookahead,medium,False,"Il callback pubblico di Qiskit viene eseguito dopo ogni pass: last_completed_pass non identifica necessariamente il pass interrotto. | Lo stack indica dove SIGALRM è stato osservato, non dimostra quale pass, configurazione, circuito o hardware abbia causato il timeout. | Un'attribuzione causale richiede confronti controllati tra circuiti, configurazioni e device.",qiskit/transpiler/passes/routing/lookahead_swap.py:312:_map_free_gates
ibm_heron_133,133,804f28754ad200e42a328ba910639c9d6fd3233dff35035e7f3cb85a2fc5168a,run_78c9b147ed7d3e42f596be615a477a7f565c2bd9b0d54a5d21b400502e02787c,qpeexact_indep_tket_60,qpeexact,tket,60,179,1977,o2_sabre_lookahead,2,sabre,lookahead,1,timeout,transpilation,timeout,AttemptTimeoutError,100.0,100.04771601899938,Tentativo interrotto dopo 100.0 secondi.,qiskit_post_pass_callback_and_sigalrm_traceback,transpilation,21,LookaheadSwap,qiskit.transpiler.passes.routing.lookahead_swap.LookaheadSwap,20,99.56279397010803,99.9815135480003,qiskit/transpiler/passes/routing/lookahead_swap.py,_calc_layout_distance,342,routing,routing_method,lookahead,medium,False,"Il callback pubblico di Qiskit viene eseguito dopo ogni pass: last_completed_pass non identifica necessariamente il pass interrotto. | Lo stack indica dove SIGALRM è stato osservato, non dimostra quale pass, configurazione, circuito o hardware abbia causato il timeout. | Un'attribuzione causale richiede confronti controllati tra circuiti, configurazioni e device.",qiskit/transpiler/passes/routing/lookahead_swap.py:342:_calc_layout_distance
ibm_heron_133,133,804f28754ad200e42a328ba910639c9d6fd3233dff35035e7f3cb85a2fc5168a,run_d889f5fb5fbffdc3cca335808b237c03d1554306cf78f20378b3a70e741b6fb8,qpeexact_indep_tket_60,qpeexact,tket,60,179,1977,o2_sabre_lookahead,2,sabre,lookahead,2,timeout,transpilation,timeout,AttemptTimeoutError,100.0,100.06473311099944,Tentativo interrotto dopo 100.0 secondi.,qiskit_post_pass_callback_and_sigalrm_traceback,transpilation,21,LookaheadSwap,qiskit.transpiler.passes.routing.lookahead_swap.LookaheadSwap,20,99.57021236419678,99.98376384000039,qiskit/transpiler/passes/routing/lookahead_swap.py,_calc_layout_distance,342,routing,routing_method,lookahead,medium,False,"Il callback pubblico di Qiskit viene eseguito dopo ogni pass: last_completed_pass non identifica necessariamente il pass interrotto. | Lo stack indica dove SIGALRM è stato osservato, non dimostra quale pass, configurazione, circuito o hardware abbia causato il timeout. | Un'attribuzione causale richiede confronti controllati tra circuiti, configurazioni e device.",qiskit/transpiler/passes/routing/lookahead_swap.py:342:_calc_layout_distance
ibm_heron_133,133,804f28754ad200e42a328ba910639c9d6fd3233dff35035e7f3cb85a2fc5168a,run_6bfc1939f12f0dcfe161527b4901068129a19342431b80233851dc5e290bc29c,random_indep_qiskit_30,random,qiskit,30,312,2080,o2_sabre_lookahead,2,sabre,lookahead,0,timeout,transpilation,timeout,AttemptTimeoutError,100.0,100.14613721200021,Tentativo interrotto dopo 100.0 secondi.,qiskit_post_pass_callback_and_sigalrm_traceback,transpilation,21,LookaheadSwap,qiskit.transpiler.passes.routing.lookahead_swap.LookaheadSwap,20,99.28054761886597,99.98223714999949,qiskit/transpiler/passes/routing/lookahead_swap.py,_map_free_gates,312,routing,routing_method,lookahead,medium,False,"Il callback pubblico di Qiskit viene eseguito dopo ogni pass: last_completed_pass non identifica necessariamente il pass interrotto. | Lo stack indica dove SIGALRM è stato osservato, non dimostra quale pass, configurazione, circuito o hardware abbia causato il timeout. | Un'attribuzione causale richiede confronti controllati tra circuiti, configurazioni e device.",qiskit/transpiler/passes/routing/lookahead_swap.py:312:_map_free_gates
ibm_heron_133,133,804f28754ad200e42a328ba910639c9d6fd3233dff35035e7f3cb85a2fc5168a,run_430d17256f42892962a29083704cb9fda5a464f82968c79f18359a3a2021574a,random_indep_qiskit_30,random,qiskit,30,312,2080,o2_sabre_lookahead,2,sabre,lookahead,1,timeout,transpilation,timeout,AttemptTimeoutError,100.0,100.13388784400013,Tentativo interrotto dopo 100.0 secondi.,qiskit_post_pass_callback_and_sigalrm_traceback,transpilation,21,LookaheadSwap,qiskit.transpiler.passes.routing.lookahead_swap.LookaheadSwap,20,99.3122878074646,99.98763835200043,qiskit/transpiler/passes/routing/lookahead_swap.py,_calc_layout_distance,342,routing,routing_method,lookahead,medium,False,"Il callback pubblico di Qiskit viene eseguito dopo ogni pass: last_completed_pass non identifica necessariamente il pass interrotto. | Lo stack indica dove SIGALRM è stato osservato, non dimostra quale pass, configurazione, circuito o hardware abbia causato il timeout. | Un'attribuzione causale richiede confronti controllati tra circuiti, configurazioni e device.",qiskit/transpiler/passes/routing/lookahead_swap.py:342:_calc_layout_distance
ibm_heron_133,133,804f28754ad200e42a328ba910639c9d6fd3233dff35035e7f3cb85a2fc5168a,run_a62b597f67b7ce9d36ffe97e4578aa9bb64780b751155c7c2f687724abc77469,random_indep_qiskit_30,random,qiskit,30,312,2080,o2_sabre_lookahead,2,sabre,lookahead,2,timeout,transpilation,timeout,AttemptTimeoutError,100.0,100.19837771099992,Tentativo interrotto dopo 100.0 secondi.,qiskit_post_pass_callback_and_sigalrm_traceback,transpilation,21,LookaheadSwap,qiskit.transpiler.passes.routing.lookahead_swap.LookaheadSwap,20,99.27908658981323,99.98453962399981,qiskit/transpiler/passes/routing/lookahead_swap.py,_calc_layout_distance,342,routing,routing_method,lookahead,medium,False,"Il callback pubblico di Qiskit viene eseguito dopo ogni pass: last_completed_pass non identifica necessariamente il pass interrotto. | Lo stack indica dove SIGALRM è stato osservato, non dimostra quale pass, configurazione, circuito o hardware abbia causato il timeout. | Un'attribuzione causale richiede confronti controllati tra circuiti, configurazioni e device.",qiskit/transpiler/passes/routing/lookahead_swap.py:342:_calc_layout_distance
ibm_heron_133,133,804f28754ad200e42a328ba910639c9d6fd3233dff35035e7f3cb85a2fc5168a,run_b028cef692ab42f8cd22e3e24d575324572e0d077ef28c741fd5a041d7b7c883,wstate_indep_tket_90,wstate,tket,90,181,447,o3_default_default,3,,,0,timeout,transpilation,timeout,AttemptTimeoutError,100.0,100.00232208099987,Tentativo interrotto dopo 100.0 secondi.,qiskit_post_pass_callback_and_sigalrm_traceback,transpilation,46,VF2PostLayout,qiskit.transpiler.passes.layout.vf2_post_layout.VF2PostLayout,45,72.51406717300415,99.99825784599943,qiskit/transpiler/passes/layout/vf2_post_layout.py,_score_layout,372,optimization,optimization_level,3,medium,False,"Il callback pubblico di Qiskit viene eseguito dopo ogni pass: last_completed_pass non identifica necessariamente il pass interrotto. | Lo stack indica dove SIGALRM è stato osservato, non dimostra quale pass, configurazione, circuito o hardware abbia causato il timeout. | Un'attribuzione causale richiede confronti controllati tra circuiti, configurazioni e device.",qiskit/transpiler/passes/layout/vf2_post_layout.py:372:_score_layout
ibm_heron_133,133,804f28754ad200e42a328ba910639c9d6fd3233dff35035e7f3cb85a2fc5168a,run_97f4ff47ab5738f0dbfddc38ee80655b68b4b492ed99c809e6c9ea59eb2d4e40,wstate_indep_tket_90,wstate,tket,90,181,447,o3_default_default,3,,,1,timeout,transpilation,timeout,AttemptTimeoutError,100.0,100.00158601900057,Tentativo interrotto dopo 100.0 secondi.,qiskit_post_pass_callback_and_sigalrm_traceback,transpilation,46,VF2PostLayout,qiskit.transpiler.passes.layout.vf2_post_layout.VF2PostLayout,45,73.39263820648193,99.99827743100013,qiskit/transpiler/passes/layout/vf2_post_layout.py,_target_match,49,optimization,optimization_level,3,medium,False,"Il callback pubblico di Qiskit viene eseguito dopo ogni pass: last_completed_pass non identifica necessariamente il pass interrotto. | Lo stack indica dove SIGALRM è stato osservato, non dimostra quale pass, configurazione, circuito o hardware abbia causato il timeout. | Un'attribuzione causale richiede confronti controllati tra circuiti, configurazioni e device.",qiskit/transpiler/passes/layout/vf2_post_layout.py:49:_target_match
ibm_heron_133,133,804f28754ad200e42a328ba910639c9d6fd3233dff35035e7f3cb85a2fc5168a,run_95547befce684e54e17fcff25ce2802287517c429abf550d30870047a99551fb,wstate_indep_tket_90,wstate,tket,90,181,447,o3_default_default,3,,,2,timeout,transpilation,timeout,AttemptTimeoutError,100.0,100.00154391599972,Tentativo interrotto dopo 100.0 secondi.,qiskit_post_pass_callback_and_sigalrm_traceback,transpilation,46,VF2PostLayout,qiskit.transpiler.passes.layout.vf2_post_layout.VF2PostLayout,45,73.80977416038513,99.99730835699938,qiskit/transpiler/passes/layout/vf2_post_layout.py,_score_layout,362,optimization,optimization_level,3,medium,False,"Il callback pubblico di Qiskit viene eseguito dopo ogni pass: last_completed_pass non identifica necessariamente il pass interrotto. | Lo stack indica dove SIGALRM è stato osservato, non dimostra quale pass, configurazione, circuito o hardware abbia causato il timeout. | Un'attribuzione causale richiede confronti controllati tra circuiti, configurazioni e device.",qiskit/transpiler/passes/layout/vf2_post_layout.py:362:_score_layout
ibm_heron_133,133,804f28754ad200e42a328ba910639c9d6fd3233dff35035e7f3cb85a2fc5168a,run_3c27c0b5ed2b91d0292363be0014d8faa45745b562addb9bb806efcdb1d9851d,wstate_indep_tket_90,wstate,tket,90,181,447,o3_sabre_basic,3,sabre,basic,0,timeout,transpilation,timeout,AttemptTimeoutError,100.0,100.00212531899979,Tentativo interrotto dopo 100.0 secondi.,qiskit_post_pass_callback_and_sigalrm_traceback,transpilation,47,VF2PostLayout,qiskit.transpiler.passes.layout.vf2_post_layout.VF2PostLayout,46,99.8654477596283,99.99729880500036,qiskit/transpiler/passes/layout/vf2_post_layout.py,_target_match,41,optimization,optimization_level,3,medium,False,"Il callback pubblico di Qiskit viene eseguito dopo ogni pass: last_completed_pass non identifica necessariamente il pass interrotto. | Lo stack indica dove SIGALRM è stato osservato, non dimostra quale pass, configurazione, circuito o hardware abbia causato il timeout. | Un'attribuzione causale richiede confronti controllati tra circuiti, configurazioni e device.",qiskit/transpiler/passes/layout/vf2_post_layout.py:41:_target_match
ibm_heron_133,133,804f28754ad200e42a328ba910639c9d6fd3233dff35035e7f3cb85a2fc5168a,run_687c3d6ec91849a6be8f57c60e4aec7b8cb10319ddc63cea75266dc99991f6d6,wstate_indep_tket_90,wstate,tket,90,181,447,o3_sabre_basic,3,sabre,basic,1,timeout,transpilation,timeout,AttemptTimeoutError,100.0,100.00231407799947,Tentativo interrotto dopo 100.0 secondi.,qiskit_post_pass_callback_and_sigalrm_traceback,transpilation,47,VF2PostLayout,qiskit.transpiler.passes.layout.vf2_post_layout.VF2PostLayout,46,99.87012314796448,99.99744953500067,qiskit/transpiler/passes/layout/vf2_post_layout.py,_score_layout,366,optimization,optimization_level,3,medium,False,"Il callback pubblico di Qiskit viene eseguito dopo ogni pass: last_completed_pass non identifica necessariamente il pass interrotto. | Lo stack indica dove SIGALRM è stato osservato, non dimostra quale pass, configurazione, circuito o hardware abbia causato il timeout. | Un'attribuzione causale richiede confronti controllati tra circuiti, configurazioni e device.",qiskit/transpiler/passes/layout/vf2_post_layout.py:366:_score_layout
ibm_heron_133,133,804f28754ad200e42a328ba910639c9d6fd3233dff35035e7f3cb85a2fc5168a,run_1a02f4eab7daab0cb52f548aaa18cfcf439e454cf4d40dfb5eec836db11cc797,wstate_indep_tket_90,wstate,tket,90,181,447,o3_sabre_basic,3,sabre,basic,2,timeout,transpilation,timeout,AttemptTimeoutError,100.0,100.00209664000067,Tentativo interrotto dopo 100.0 secondi.,qiskit_post_pass_callback_and_sigalrm_traceback,transpilation,47,VF2PostLayout,qiskit.transpiler.passes.layout.vf2_post_layout.VF2PostLayout,46,99.86529421806335,99.99743723099982,qiskit/transpiler/passes/layout/vf2_post_layout.py,_target_match,45,optimization,optimization_level,3,medium,False,"Il callback pubblico di Qiskit viene eseguito dopo ogni pass: last_completed_pass non identifica necessariamente il pass interrotto. | Lo stack indica dove SIGALRM è stato osservato, non dimostra quale pass, configurazione, circuito o hardware abbia causato il timeout. | Un'attribuzione causale richiede confronti controllati tra circuiti, configurazioni e device.",qiskit/transpiler/passes/layout/vf2_post_layout.py:45:_target_match
ibm_heron_133,133,804f28754ad200e42a328ba910639c9d6fd3233dff35035e7f3cb85a2fc5168a,run_aaacc88926e6e7c8787ad70828f155047460e3f3955414265a921fad79354a39,graphstate_indep_qiskit_14,graphstate,qiskit,14,8,42,o3_sabre_lookahead,3,sabre,lookahead,0,timeout,transpilation,timeout,AttemptTimeoutError,100.0,100.00272874100028,Tentativo interrotto dopo 100.0 secondi.,qiskit_post_pass_callback_and_sigalrm_traceback,transpilation,49,VF2PostLayout,qiskit.transpiler.passes.layout.vf2_post_layout.VF2PostLayout,48,81.35806465148926,99.99964176000003,qiskit/transpiler/passes/layout/vf2_post_layout.py,_score_layout,366,optimization,optimization_level,3,medium,False,"Il callback pubblico di Qiskit viene eseguito dopo ogni pass: last_completed_pass non identifica necessariamente il pass interrotto. | Lo stack indica dove SIGALRM è stato osservato, non dimostra quale pass, configurazione, circuito o hardware abbia causato il timeout. | Un'attribuzione causale richiede confronti controllati tra circuiti, configurazioni e device.",qiskit/transpiler/passes/layout/vf2_post_layout.py:366:_score_layout
ibm_heron_133,133,804f28754ad200e42a328ba910639c9d6fd3233dff35035e7f3cb85a2fc5168a,run_167073dc082106cec02d1979bcfecd0488262f4eb77ce14b6df5275aa9ba65ab,graphstate_indep_qiskit_14,graphstate,qiskit,14,8,42,o3_sabre_lookahead,3,sabre,lookahead,1,timeout,transpilation,timeout,AttemptTimeoutError,100.0,100.00351282899965,Tentativo interrotto dopo 100.0 secondi.,qiskit_post_pass_callback_and_sigalrm_traceback,transpilation,49,VF2PostLayout,qiskit.transpiler.passes.layout.vf2_post_layout.VF2PostLayout,48,78.67265796661377,99.99957422599982,qiskit/transpiler/passes/layout/vf2_post_layout.py,run,298,optimization,optimization_level,3,medium,False,"Il callback pubblico di Qiskit viene eseguito dopo ogni pass: last_completed_pass non identifica necessariamente il pass interrotto. | Lo stack indica dove SIGALRM è stato osservato, non dimostra quale pass, configurazione, circuito o hardware abbia causato il timeout. | Un'attribuzione causale richiede confronti controllati tra circuiti, configurazioni e device.",qiskit/transpiler/passes/layout/vf2_post_layout.py:298:run
ibm_heron_133,133,804f28754ad200e42a328ba910639c9d6fd3233dff35035e7f3cb85a2fc5168a,run_3586165a78af8625f77b036105e592f00f585d8502ab5f6e61fecb1befd437b7,graphstate_indep_qiskit_14,graphstate,qiskit,14,8,42,o3_sabre_lookahead,3,sabre,lookahead,2,timeout,transpilation,timeout,AttemptTimeoutError,100.0,100.00331435299995,Tentativo interrotto dopo 100.0 secondi.,qiskit_post_pass_callback_and_sigalrm_traceback,transpilation,49,VF2PostLayout,qiskit.transpiler.passes.layout.vf2_post_layout.VF2PostLayout,48,82.3769211769104,99.99952400499978,qiskit/transpiler/passes/layout/vf2_post_layout.py,_score_layout,363,optimization,optimization_level,3,medium,False,"Il callback pubblico di Qiskit viene eseguito dopo ogni pass: last_completed_pass non identifica necessariamente il pass interrotto. | Lo stack indica dove SIGALRM è stato osservato, non dimostra quale pass, configurazione, circuito o hardware abbia causato il timeout. | Un'attribuzione causale richiede confronti controllati tra circuiti, configurazioni e device.",qiskit/transpiler/passes/layout/vf2_post_layout.py:363:_score_layout
ibm_heron_133,133,804f28754ad200e42a328ba910639c9d6fd3233dff35035e7f3cb85a2fc5168a,run_79bc79837ab2dad96d8c62ad5aae657d5970218934f2e7215e49a0e6b9c597b9,pricingcall_indep_qiskit_5,pricingcall,qiskit,5,36,47,o3_sabre_lookahead,3,sabre,lookahead,0,timeout,transpilation,timeout,AttemptTimeoutError,100.0,100.00456704199951,Tentativo interrotto dopo 100.0 secondi.,qiskit_post_pass_callback_and_sigalrm_traceback,transpilation,21,LookaheadSwap,qiskit.transpiler.passes.routing.lookahead_swap.LookaheadSwap,20,99.96878933906555,99.99960656500025,qiskit/transpiler/passes/routing/lookahead_swap.py,_calc_layout_distance,342,routing,routing_method,lookahead,medium,False,"Il callback pubblico di Qiskit viene eseguito dopo ogni pass: last_completed_pass non identifica necessariamente il pass interrotto. | Lo stack indica dove SIGALRM è stato osservato, non dimostra quale pass, configurazione, circuito o hardware abbia causato il timeout. | Un'attribuzione causale richiede confronti controllati tra circuiti, configurazioni e device.",qiskit/transpiler/passes/routing/lookahead_swap.py:342:_calc_layout_distance
ibm_heron_133,133,804f28754ad200e42a328ba910639c9d6fd3233dff35035e7f3cb85a2fc5168a,run_197c0f6a5d49d1a4efaf5d302a4b7731778a398d28dcb886dbd5a83620af5904,pricingcall_indep_qiskit_5,pricingcall,qiskit,5,36,47,o3_sabre_lookahead,3,sabre,lookahead,1,timeout,transpilation,timeout,AttemptTimeoutError,100.0,100.00418856099986,Tentativo interrotto dopo 100.0 secondi.,qiskit_post_pass_callback_and_sigalrm_traceback,transpilation,21,LookaheadSwap,qiskit.transpiler.passes.routing.lookahead_swap.LookaheadSwap,20,99.96526217460632,99.999244955,qiskit/transpiler/passes/routing/lookahead_swap.py,_calc_layout_distance,341,routing,routing_method,lookahead,medium,False,"Il callback pubblico di Qiskit viene eseguito dopo ogni pass: last_completed_pass non identifica necessariamente il pass interrotto. | Lo stack indica dove SIGALRM è stato osservato, non dimostra quale pass, configurazione, circuito o hardware abbia causato il timeout. | Un'attribuzione causale richiede confronti controllati tra circuiti, configurazioni e device.",qiskit/transpiler/passes/routing/lookahead_swap.py:341:_calc_layout_distance
ibm_heron_133,133,804f28754ad200e42a328ba910639c9d6fd3233dff35035e7f3cb85a2fc5168a,run_f221778c55b58968ac433bace4c904d564863a9ce4ace7cf140c0516b9049342,pricingcall_indep_qiskit_5,pricingcall,qiskit,5,36,47,o3_sabre_lookahead,3,sabre,lookahead,2,timeout,transpilation,timeout,AttemptTimeoutError,100.0,100.00494529699972,Tentativo interrotto dopo 100.0 secondi.,qiskit_post_pass_callback_and_sigalrm_traceback,transpilation,21,LookaheadSwap,qiskit.transpiler.passes.routing.lookahead_swap.LookaheadSwap,20,99.9691948890686,99.99947394999981,qiskit/transpiler/passes/routing/lookahead_swap.py,_calc_layout_distance,342,routing,routing_method,lookahead,medium,False,"Il callback pubblico di Qiskit viene eseguito dopo ogni pass: last_completed_pass non identifica necessariamente il pass interrotto. | Lo stack indica dove SIGALRM è stato osservato, non dimostra quale pass, configurazione, circuito o hardware abbia causato il timeout. | Un'attribuzione causale richiede confronti controllati tra circuiti, configurazioni e device.",qiskit/transpiler/passes/routing/lookahead_swap.py:342:_calc_layout_distance
ibm_heron_133,133,804f28754ad200e42a328ba910639c9d6fd3233dff35035e7f3cb85a2fc5168a,run_fab7305be1d20cc40fb06435dd60a5f13bf651c54ef18c7e504737f30e6cdd60,qaoa_indep_tket_7,qaoa,tket,7,10,42,o3_sabre_lookahead,3,sabre,lookahead,1,timeout,transpilation,timeout,AttemptTimeoutError,100.0,100.00310050800044,Tentativo interrotto dopo 100.0 secondi.,qiskit_post_pass_callback_and_sigalrm_traceback,transpilation,59,VF2PostLayout,qiskit.transpiler.passes.layout.vf2_post_layout.VF2PostLayout,58,89.22198581695557,99.99945006799999,qiskit/transpiler/passes/layout/vf2_post_layout.py,_score_layout,371,optimization,optimization_level,3,medium,False,"Il callback pubblico di Qiskit viene eseguito dopo ogni pass: last_completed_pass non identifica necessariamente il pass interrotto. | Lo stack indica dove SIGALRM è stato osservato, non dimostra quale pass, configurazione, circuito o hardware abbia causato il timeout. | Un'attribuzione causale richiede confronti controllati tra circuiti, configurazioni e device.",qiskit/transpiler/passes/layout/vf2_post_layout.py:371:_score_layout
ibm_heron_133,133,804f28754ad200e42a328ba910639c9d6fd3233dff35035e7f3cb85a2fc5168a,run_cee2ca3833deb2868ac14044e8feed789abdc992aacccfc751899ca337e1cbcc,qft_indep_tket_40,qft,tket,40,81,880,o3_sabre_lookahead,3,sabre,lookahead,0,timeout,transpilation,timeout,AttemptTimeoutError,100.0,100.02481910799997,Tentativo interrotto dopo 100.0 secondi.,qiskit_post_pass_callback_and_sigalrm_traceback,transpilation,21,LookaheadSwap,qiskit.transpiler.passes.routing.lookahead_swap.LookaheadSwap,20,99.67513966560364,99.98650030799945,qiskit/transpiler/passes/routing/lookahead_swap.py,_calc_layout_distance,342,routing,routing_method,lookahead,medium,False,"Il callback pubblico di Qiskit viene eseguito dopo ogni pass: last_completed_pass non identifica necessariamente il pass interrotto. | Lo stack indica dove SIGALRM è stato osservato, non dimostra quale pass, configurazione, circuito o hardware abbia causato il timeout. | Un'attribuzione causale richiede confronti controllati tra circuiti, configurazioni e device.",qiskit/transpiler/passes/routing/lookahead_swap.py:342:_calc_layout_distance
ibm_heron_133,133,804f28754ad200e42a328ba910639c9d6fd3233dff35035e7f3cb85a2fc5168a,run_9e5259748b64d9ce3255044aa423e7306702de3c9618e37309b242e1342fb514,qft_indep_tket_40,qft,tket,40,81,880,o3_sabre_lookahead,3,sabre,lookahead,1,timeout,transpilation,timeout,AttemptTimeoutError,100.0,100.01543424200008,Tentativo interrotto dopo 100.0 secondi.,qiskit_post_pass_callback_and_sigalrm_traceback,transpilation,21,LookaheadSwap,qiskit.transpiler.passes.routing.lookahead_swap.LookaheadSwap,20,99.66735243797302,99.98740324800019,qiskit/transpiler/passes/routing/lookahead_swap.py,_calc_layout_distance,342,routing,routing_method,lookahead,medium,False,"Il callback pubblico di Qiskit viene eseguito dopo ogni pass: last_completed_pass non identifica necessariamente il pass interrotto. | Lo stack indica dove SIGALRM è stato osservato, non dimostra quale pass, configurazione, circuito o hardware abbia causato il timeout. | Un'attribuzione causale richiede confronti controllati tra circuiti, configurazioni e device.",qiskit/transpiler/passes/routing/lookahead_swap.py:342:_calc_layout_distance
ibm_heron_133,133,804f28754ad200e42a328ba910639c9d6fd3233dff35035e7f3cb85a2fc5168a,run_06bde21c14f89084148ec2430f3e28e98938e187a31deabdbe65a43a430e5c33,qft_indep_tket_40,qft,tket,40,81,880,o3_sabre_lookahead,3,sabre,lookahead,2,timeout,transpilation,timeout,AttemptTimeoutError,100.0,100.01531345500007,Tentativo interrotto dopo 100.0 secondi.,qiskit_post_pass_callback_and_sigalrm_traceback,transpilation,21,LookaheadSwap,qiskit.transpiler.passes.routing.lookahead_swap.LookaheadSwap,20,99.69621801376343,99.98752905000038,qiskit/transpiler/passes/routing/lookahead_swap.py,_calc_layout_distance,342,routing,routing_method,lookahead,medium,False,"Il callback pubblico di Qiskit viene eseguito dopo ogni pass: last_completed_pass non identifica necessariamente il pass interrotto. | Lo stack indica dove SIGALRM è stato osservato, non dimostra quale pass, configurazione, circuito o hardware abbia causato il timeout. | Un'attribuzione causale richiede confronti controllati tra circuiti, configurazioni e device.",qiskit/transpiler/passes/routing/lookahead_swap.py:342:_calc_layout_distance
ibm_heron_133,133,804f28754ad200e42a328ba910639c9d6fd3233dff35035e7f3cb85a2fc5168a,run_fa28a2005d9e8711427721a52e51ebd4f85c3eb10c0d8a7169714f1ec03e7cf4,qpeexact_indep_tket_60,qpeexact,tket,60,179,1977,o3_sabre_lookahead,3,sabre,lookahead,0,timeout,transpilation,timeout,AttemptTimeoutError,100.0,100.05627863599966,Tentativo interrotto dopo 100.0 secondi.,qiskit_post_pass_callback_and_sigalrm_traceback,transpilation,21,LookaheadSwap,qiskit.transpiler.passes.routing.lookahead_swap.LookaheadSwap,20,99.48586320877075,99.97119163800016,qiskit/transpiler/passes/routing/lookahead_swap.py,_map_free_gates,312,routing,routing_method,lookahead,medium,False,"Il callback pubblico di Qiskit viene eseguito dopo ogni pass: last_completed_pass non identifica necessariamente il pass interrotto. | Lo stack indica dove SIGALRM è stato osservato, non dimostra quale pass, configurazione, circuito o hardware abbia causato il timeout. | Un'attribuzione causale richiede confronti controllati tra circuiti, configurazioni e device.",qiskit/transpiler/passes/routing/lookahead_swap.py:312:_map_free_gates
ibm_heron_133,133,804f28754ad200e42a328ba910639c9d6fd3233dff35035e7f3cb85a2fc5168a,run_daf9c4d48d63349a59b58fe9b1674e956a595e809417b230fbab7a0236c5ee66,qpeexact_indep_tket_60,qpeexact,tket,60,179,1977,o3_sabre_lookahead,3,sabre,lookahead,1,timeout,transpilation,timeout,AttemptTimeoutError,100.0,100.03256213300028,Tentativo interrotto dopo 100.0 secondi.,qiskit_post_pass_callback_and_sigalrm_traceback,transpilation,21,LookaheadSwap,qiskit.transpiler.passes.routing.lookahead_swap.LookaheadSwap,20,99.55319213867188,99.98060036400057,qiskit/transpiler/passes/routing/lookahead_swap.py,_calc_layout_distance,342,routing,routing_method,lookahead,medium,False,"Il callback pubblico di Qiskit viene eseguito dopo ogni pass: last_completed_pass non identifica necessariamente il pass interrotto. | Lo stack indica dove SIGALRM è stato osservato, non dimostra quale pass, configurazione, circuito o hardware abbia causato il timeout. | Un'attribuzione causale richiede confronti controllati tra circuiti, configurazioni e device.",qiskit/transpiler/passes/routing/lookahead_swap.py:342:_calc_layout_distance
ibm_heron_133,133,804f28754ad200e42a328ba910639c9d6fd3233dff35035e7f3cb85a2fc5168a,run_acc06e68bb526a2d5e3ea34e14542fb64a27a49ba7db331c95e0fe32c5120962,qpeexact_indep_tket_60,qpeexact,tket,60,179,1977,o3_sabre_lookahead,3,sabre,lookahead,2,timeout,transpilation,timeout,AttemptTimeoutError,100.0,100.03216161199998,Tentativo interrotto dopo 100.0 secondi.,qiskit_post_pass_callback_and_sigalrm_traceback,transpilation,21,LookaheadSwap,qiskit.transpiler.passes.routing.lookahead_swap.LookaheadSwap,20,99.54051923751831,99.98227838000003,qiskit/transpiler/passes/routing/lookahead_swap.py,_calc_layout_distance,342,routing,routing_method,lookahead,medium,False,"Il callback pubblico di Qiskit viene eseguito dopo ogni pass: last_completed_pass non identifica necessariamente il pass interrotto. | Lo stack indica dove SIGALRM è stato osservato, non dimostra quale pass, configurazione, circuito o hardware abbia causato il timeout. | Un'attribuzione causale richiede confronti controllati tra circuiti, configurazioni e device.",qiskit/transpiler/passes/routing/lookahead_swap.py:342:_calc_layout_distance
ibm_heron_133,133,804f28754ad200e42a328ba910639c9d6fd3233dff35035e7f3cb85a2fc5168a,run_16b52803bb137de00404363b130f7a0656418c8217e4baecdaff2aaa5b9655a2,random_indep_qiskit_30,random,qiskit,30,312,2080,o3_sabre_lookahead,3,sabre,lookahead,0,timeout,transpilation,timeout,AttemptTimeoutError,100.0,100.17885018699963,Tentativo interrotto dopo 100.0 secondi.,qiskit_post_pass_callback_and_sigalrm_traceback,transpilation,21,LookaheadSwap,qiskit.transpiler.passes.routing.lookahead_swap.LookaheadSwap,20,99.21569800376892,99.98351228299998,qiskit/transpiler/passes/routing/lookahead_swap.py,_calc_layout_distance,342,routing,routing_method,lookahead,medium,False,"Il callback pubblico di Qiskit viene eseguito dopo ogni pass: last_completed_pass non identifica necessariamente il pass interrotto. | Lo stack indica dove SIGALRM è stato osservato, non dimostra quale pass, configurazione, circuito o hardware abbia causato il timeout. | Un'attribuzione causale richiede confronti controllati tra circuiti, configurazioni e device.",qiskit/transpiler/passes/routing/lookahead_swap.py:342:_calc_layout_distance
ibm_heron_133,133,804f28754ad200e42a328ba910639c9d6fd3233dff35035e7f3cb85a2fc5168a,run_c0f0f90287f94ad6a2835f1e2d19087134457a8ef219a48e330fb4e2c22a3d14,random_indep_qiskit_30,random,qiskit,30,312,2080,o3_sabre_lookahead,3,sabre,lookahead,1,timeout,transpilation,timeout,AttemptTimeoutError,100.0,100.17164797399982,Tentativo interrotto dopo 100.0 secondi.,qiskit_post_pass_callback_and_sigalrm_traceback,transpilation,21,LookaheadSwap,qiskit.transpiler.passes.routing.lookahead_swap.LookaheadSwap,20,99.1795585155487,99.9893126299994,qiskit/transpiler/passes/routing/lookahead_swap.py,_calc_layout_distance,341,routing,routing_method,lookahead,medium,False,"Il callback pubblico di Qiskit viene eseguito dopo ogni pass: last_completed_pass non identifica necessariamente il pass interrotto. | Lo stack indica dove SIGALRM è stato osservato, non dimostra quale pass, configurazione, circuito o hardware abbia causato il timeout. | Un'attribuzione causale richiede confronti controllati tra circuiti, configurazioni e device.",qiskit/transpiler/passes/routing/lookahead_swap.py:341:_calc_layout_distance
ibm_heron_133,133,804f28754ad200e42a328ba910639c9d6fd3233dff35035e7f3cb85a2fc5168a,run_b9456e762665922bec9a4041bafbe1224aa39bc61ef81586b441da1b1e63b0be,random_indep_qiskit_30,random,qiskit,30,312,2080,o3_sabre_lookahead,3,sabre,lookahead,2,timeout,transpilation,timeout,AttemptTimeoutError,100.0,100.13339939100024,Tentativo interrotto dopo 100.0 secondi.,qiskit_post_pass_callback_and_sigalrm_traceback,transpilation,21,LookaheadSwap,qiskit.transpiler.passes.routing.lookahead_swap.LookaheadSwap,20,99.13044571876526,99.98390926900083,qiskit/transpiler/passes/routing/lookahead_swap.py,_calc_layout_distance,342,routing,routing_method,lookahead,medium,False,"Il callback pubblico di Qiskit viene eseguito dopo ogni pass: last_completed_pass non identifica necessariamente il pass interrotto. | Lo stack indica dove SIGALRM è stato osservato, non dimostra quale pass, configurazione, circuito o hardware abbia causato il timeout. | Un'attribuzione causale richiede confronti controllati tra circuiti, configurazioni e device.",qiskit/transpiler/passes/routing/lookahead_swap.py:342:_calc_layout_distance
ibm_heron_133,133,804f28754ad200e42a328ba910639c9d6fd3233dff35035e7f3cb85a2fc5168a,run_503461b5e7d94d2d4fc93a515166a8e08ebca6dd01cf22b241b62e5a4dc56087,wstate_indep_tket_90,wstate,tket,90,181,447,o3_sabre_lookahead,3,sabre,lookahead,0,timeout,transpilation,timeout,AttemptTimeoutError,100.0,100.00168149700039,Tentativo interrotto dopo 100.0 secondi.,qiskit_post_pass_callback_and_sigalrm_traceback,transpilation,47,VF2PostLayout,qiskit.transpiler.passes.layout.vf2_post_layout.VF2PostLayout,46,99.8625180721283,99.99720948400045,qiskit/transpiler/passes/layout/vf2_post_layout.py,_score_layout,366,optimization,optimization_level,3,medium,False,"Il callback pubblico di Qiskit viene eseguito dopo ogni pass: last_completed_pass non identifica necessariamente il pass interrotto. | Lo stack indica dove SIGALRM è stato osservato, non dimostra quale pass, configurazione, circuito o hardware abbia causato il timeout. | Un'attribuzione causale richiede confronti controllati tra circuiti, configurazioni e device.",qiskit/transpiler/passes/layout/vf2_post_layout.py:366:_score_layout
ibm_heron_133,133,804f28754ad200e42a328ba910639c9d6fd3233dff35035e7f3cb85a2fc5168a,run_acf7c4fa2b2c1364e9d51049ae1d2e5a3c0b3d8a3c358ee7aefea882bdffa028,wstate_indep_tket_90,wstate,tket,90,181,447,o3_sabre_lookahead,3,sabre,lookahead,1,timeout,transpilation,timeout,AttemptTimeoutError,100.0,100.00236645399946,Tentativo interrotto dopo 100.0 secondi.,qiskit_post_pass_callback_and_sigalrm_traceback,transpilation,47,VF2PostLayout,qiskit.transpiler.passes.layout.vf2_post_layout.VF2PostLayout,46,99.856689453125,99.99718159299937,qiskit/transpiler/passes/layout/vf2_post_layout.py,_target_match,41,optimization,optimization_level,3,medium,False,"Il callback pubblico di Qiskit viene eseguito dopo ogni pass: last_completed_pass non identifica necessariamente il pass interrotto. | Lo stack indica dove SIGALRM è stato osservato, non dimostra quale pass, configurazione, circuito o hardware abbia causato il timeout. | Un'attribuzione causale richiede confronti controllati tra circuiti, configurazioni e device.",qiskit/transpiler/passes/layout/vf2_post_layout.py:41:_target_match
ibm_heron_133,133,804f28754ad200e42a328ba910639c9d6fd3233dff35035e7f3cb85a2fc5168a,run_2d722a40fc6a4e5cdbe26a61c0541b5f907ca1d69787bc75ad4568149e6ca023,wstate_indep_tket_90,wstate,tket,90,181,447,o3_sabre_lookahead,3,sabre,lookahead,2,timeout,transpilation,timeout,AttemptTimeoutError,100.0,100.00224179999987,Tentativo interrotto dopo 100.0 secondi.,qiskit_post_pass_callback_and_sigalrm_traceback,transpilation,47,VF2PostLayout,qiskit.transpiler.passes.layout.vf2_post_layout.VF2PostLayout,46,99.88026404380798,99.99801466200006,qiskit/transpiler/passes/layout/vf2_post_layout.py,_target_match,45,optimization,optimization_level,3,medium,False,"Il callback pubblico di Qiskit viene eseguito dopo ogni pass: last_completed_pass non identifica necessariamente il pass interrotto. | Lo stack indica dove SIGALRM è stato osservato, non dimostra quale pass, configurazione, circuito o hardware abbia causato il timeout. | Un'attribuzione causale richiede confronti controllati tra circuiti, configurazioni e device.",qiskit/transpiler/passes/layout/vf2_post_layout.py:45:_target_match
ibm_heron_133,133,804f28754ad200e42a328ba910639c9d6fd3233dff35035e7f3cb85a2fc5168a,run_4fb3437e2da9a9839dc9faf6902f9243394c0f76d3facd933f80bb767c8876aa,wstate_indep_tket_90,wstate,tket,90,181,447,o3_sabre_sabre,3,sabre,sabre,0,timeout,transpilation,timeout,AttemptTimeoutError,100.0,100.00368476800031,Tentativo interrotto dopo 100.0 secondi.,qiskit_post_pass_callback_and_sigalrm_traceback,transpilation,44,VF2PostLayout,qiskit.transpiler.passes.layout.vf2_post_layout.VF2PostLayout,43,99.86181640625,99.99933003699971,qiskit/transpiler/passes/layout/vf2_post_layout.py,_target_match,41,optimization,optimization_level,3,medium,False,"Il callback pubblico di Qiskit viene eseguito dopo ogni pass: last_completed_pass non identifica necessariamente il pass interrotto. | Lo stack indica dove SIGALRM è stato osservato, non dimostra quale pass, configurazione, circuito o hardware abbia causato il timeout. | Un'attribuzione causale richiede confronti controllati tra circuiti, configurazioni e device.",qiskit/transpiler/passes/layout/vf2_post_layout.py:41:_target_match
ibm_heron_133,133,804f28754ad200e42a328ba910639c9d6fd3233dff35035e7f3cb85a2fc5168a,run_9dc44775483f8602739112fc5c7c588d3904201b192ef3bd9d9cc88dfcbfdc52,wstate_indep_tket_90,wstate,tket,90,181,447,o3_sabre_sabre,3,sabre,sabre,1,timeout,transpilation,timeout,AttemptTimeoutError,100.0,100.00162053399981,Tentativo interrotto dopo 100.0 secondi.,qiskit_post_pass_callback_and_sigalrm_traceback,transpilation,44,VF2PostLayout,qiskit.transpiler.passes.layout.vf2_post_layout.VF2PostLayout,43,99.84656643867493,99.99801427900002,qiskit/transpiler/passes/layout/vf2_post_layout.py,_target_match,45,optimization,optimization_level,3,medium,False,"Il callback pubblico di Qiskit viene eseguito dopo ogni pass: last_completed_pass non identifica necessariamente il pass interrotto. | Lo stack indica dove SIGALRM è stato osservato, non dimostra quale pass, configurazione, circuito o hardware abbia causato il timeout. | Un'attribuzione causale richiede confronti controllati tra circuiti, configurazioni e device.",qiskit/transpiler/passes/layout/vf2_post_layout.py:45:_target_match
ibm_heron_133,133,804f28754ad200e42a328ba910639c9d6fd3233dff35035e7f3cb85a2fc5168a,run_ff139f917df55090806c9572ddae6edc90b17cefb86eb44ddd348f62c4261398,wstate_indep_tket_90,wstate,tket,90,181,447,o3_sabre_sabre,3,sabre,sabre,2,timeout,transpilation,timeout,AttemptTimeoutError,100.0,100.00253697799963,Tentativo interrotto dopo 100.0 secondi.,qiskit_post_pass_callback_and_sigalrm_traceback,transpilation,44,VF2PostLayout,qiskit.transpiler.passes.layout.vf2_post_layout.VF2PostLayout,43,99.78885698318481,99.99283945800016,qiskit/transpiler/passes/layout/vf2_post_layout.py,_target_match,41,optimization,optimization_level,3,medium,False,"Il callback pubblico di Qiskit viene eseguito dopo ogni pass: last_completed_pass non identifica necessariamente il pass interrotto. | Lo stack indica dove SIGALRM è stato osservato, non dimostra quale pass, configurazione, circuito o hardware abbia causato il timeout. | Un'attribuzione causale richiede confronti controllati tra circuiti, configurazioni e device.",qiskit/transpiler/passes/layout/vf2_post_layout.py:41:_target_match
